_RAJ2000,_DEJ2000,X,CRTS,RAJ2000,DEJ2000,Vmax,l_Vmin,Vmin,Ndet,Det,Ref,Simbad,recno
00 00 24.6700,+33 25 43.000,,J000024.7+332543,00 00 24.67,+33 25 43.0,15.7,,,2,CSS100910:000025+332543,,Simbad,1
00 01 30.4700,+05 06 23.600,,J000130.5+050624,00 01 30.47,+05 06 23.6,15.3,,20.2,2,CSS101127:000130+050624,,Simbad,2
00 06 59.5900,+19 28 17.800,,J000659.6+192818,00 06 59.59,+19 28 17.8,17.5,>,21.0,2,CSS100602:000700+192818,,Simbad,3
00 07 20.7400,+20 07 21.700,,J000720.7+200722,00 07 20.74,+20 07 21.7,17.1,,,1,CSS110921:000721+200722,,Simbad,4
00 09 38.2500,-12 10 16.700,,J000938.2-121017,00 09 38.25,-12 10 16.7,14.5,,,1,CSS101007:000938-121017,,Simbad,5
00 09 45.4600,+40 29 28.000,,J000945.5+402928,00 09 45.46,+40 29 28.0,17.9,,,1,CSS091120:000945+402928,,Simbad,6
00 10 19.3100,+41 04 54.900,,J001019.3+410455,00 10 19.31,+41 04 54.9,15.6,,19.5,1,CSS091120:001019+410455,,Simbad,7
00 11 58.2800,+31 55 44.000,,J001158.3+315544,00 11 58.28,+31 55 44.0,17.3,,,1,CSS101111:001158+315544,,Simbad,8
00 13 10.6300,+21 21 08.100,,J001310.6+212108,00 13 10.63,+21 21 08.1,18.0,>,20.4,3,CSS101201:001311+212108,,Simbad,9
00 13 39.5800,+33 21 23.500,,J001339.6+332124,00 13 39.58,+33 21 23.5,17.9,>,19.9,2,CSS101111:001340+332124,,Simbad,10
00 14 49.5500,-52 32 15.400,,J001449.5-523215,00 14 49.55,-52 32 15.4,16.9,,,1,SSS110916:001450-523215,,Simbad,11
00 15 38.2600,+26 36 56.800,X,J001538.3+263657,00 15 38.26,+26 36 56.8,13.3,,17.7,2,CSS090918:001538+263657,,Simbad,12
00 16 36.8800,+18 56 15.200,,J001636.9+185615,00 16 36.88,+18 56 15.2,18.6,,,2,CSS080202:001637+185615,,Simbad,13
00 18 28.3600,+21 55 19.400,,J001828.4+215519,00 18 28.36,+21 55 19.4,18.7,>,21.5,1,CSS101107:001828+215519,,Simbad,14
00 19 52.2400,+43 39 01.400,,J001952.2+433901,00 19 52.24,+43 39 01.4,15.6,,,1,CSS120131:001952+433901,,Simbad,15
00 25 00.1800,+07 33 49.700,,J002500.2+073350,00 25 00.18,+07 33 49.7,16.0,,19.0,3,CSS081123:002500+073350,,Simbad,16
00 32 03.6400,+31 45 10.400,X,J003203.6+314510,00 32 03.64,+31 45 10.4,15.1,,18.7,1,CSS091220:003204+314510,,Simbad,17
00 33 04.0000,+38 01 05.600,X,J003304.0+380106,00 33 04.00,+38 01 05.6,15.5,,18.1,1,CSS110115:003304+380106,,Simbad,18
00 34 59.9600,+27 36 19.900,,J003460.0+273620,00 34 59.96,+27 36 19.9,18.1,,,1,CSS081031:003460+273620,,Simbad,19
00 38 46.2000,+19 06 47.700,,J003846.2+190648,00 38 46.20,+19 06 47.7,18.7,>,20.2,2,CSS091106:003846+190648,,Simbad,20
00 45 00.3000,+22 27 08.000,,J004500.3+222708,00 45 00.30,+22 27 08.0,14.5,,,1,CSS081102:004500+222708,,Simbad,21
00 45 18.3500,+18 53 49.500,,J004518.3+185349,00 45 18.35,+18 53 49.5,16.0,,,1,CSS081024:004518+185349,,Simbad,22
00 46 06.6600,+05 21 00.000,,J004606.7+052060,00 46 06.66,+05 21 00.0,19.2,,21.4,2,CSS100911:004607+052060,,Simbad,23
00 48 07.2100,+26 46 21.300,,J004807.2+264621,00 48 07.21,+26 46 21.3,18.3,,,1,CSS090925:004807+264621,,Simbad,24
00 49 02.0000,+07 47 26.100,,J004902.0+074726,00 49 02.00,+07 47 26.1,18.7,,21.4,1,CSS090204:004902+074726,,Simbad,25
00 50 20.5800,+33 19 17.700,,J005020.6+331918,00 50 20.58,+33 19 17.7,16.7,>,20.5,1,CSS120126:005021+331918,,Simbad,26
00 51 52.8800,+20 40 17.400,,J005152.9+204017,00 51 52.88,+20 40 17.4,15.4,,18.0,1,CSS091026:005153+204017,II,Simbad,27
00 58 24.5900,+28 33 04.200,,J005824.6+283304,00 58 24.59,+28 33 04.2,14.1,,19.1,2,CSS101009:005825+283304,II,Simbad,28
01 03 28.9900,+33 18 22.000,,J010329.0+331822,01 03 28.99,+33 18 22.0,17.3,,19.2,1,CSS110116:010329+331822,,Simbad,29
01 04 11.6100,-03 13 41.500,,J010411.6-031341,01 04 11.61,-03 13 41.5,17.2,,19.0,1,CSS091009:010412-031341,II,Simbad,30
01 05 22.2200,+11 02 52.900,,J010522.2+110253,01 05 22.22,+11 02 52.9,15.0,,20.3,4,CSS080921:010522+110253,II,Simbad,31
01 05 50.0900,+19 03 17.200,,J010550.1+190317,01 05 50.09,+19 03 17.2,16.3,,19.6,2,CSS091016:010550+190317,II,Simbad,32
01 08 00.7700,+21 52 08.300,,J010800.8+215208,01 08 00.77,+21 52 08.3,19.3,,,2,CSS101013:010801+215209,,Simbad,33
01 11 34.4500,+27 59 21.800,,J011134.4+275922,01 11 34.45,+27 59 21.8,19.9,,,1,CSS081024:011134+275922,,Simbad,34
01 11 57.6000,+35 17 24.300,,J011157.6+351724,01 11 57.60,+35 17 24.3,13.7,,18.3,2,FN And,,Simbad,35
01 13 06.7500,+21 52 50.400,,J011306.7+215250,01 13 06.75,+21 52 50.4,14.8,,,3,GV Psc,II,Simbad,36
01 14 44.5600,-20 32 11.400,,J011444.6-203211,01 14 44.56,-20 32 11.4,17.4,,19.8,1,CSS111019:011445-203211,,Simbad,37
01 15 16.5300,+24 55 30.200,,J011516.5+245530,01 15 16.53,+24 55 30.2,17.1,,19.8,3,CSS101008:011517+245530,,Simbad,38
01 15 32.1700,+37 37 35.600,,J011532.2+373736,01 15 32.17,+37 37 35.6,14.0,,17.0,6,FO And,,Simbad,39
01 15 43.2400,+33 37 24.200,,J011543.2+333724,01 15 43.24,+33 37 24.2,16.3,,,3,CSS081205:011543+333724,,Simbad,40
01 16 13.7700,+09 22 16.100,,J011613.8+092216,01 16 13.77,+09 22 16.1,16.1,,18.9,3,CSS081220:011614+092216,II,Simbad,41
01 20 59.6300,+32 55 44.800,,J012059.6+325545,01 20 59.63,+32 55 44.8,13.2,,19.4,3,VSX J012059.6+325544,,Simbad,42
01 28 38.3300,+18 45 35.700,,J012838.3+184536,01 28 38.33,+18 45 35.7,17.5,,21.4,11,CSS100114:012838+184536,,Simbad,43
01 33 08.7200,+38 32 17.200,X,J013308.7+383217,01 33 08.72,+38 32 17.2,15.9,,18.4,1,CSS091027:013309+383217,,Simbad,44
01 37 01.0500,-09 12 35.200,,J013701.1-091235,01 37 01.05,-09 12 35.2,12.7,,18.2,1,GZ Cet,I,Simbad,45
01 37 37.2200,+30 02 48.700,,J013737.2+300248,01 37 37.22,+30 02 48.7,13.6,,16.9,4,TX Tri,,Simbad,46
01 41 50.4000,+09 08 21.600,,J014150.4+090822,01 41 50.40,+09 08 21.6,14.7,,20.0,4,CSS101127:014150+090822,,Simbad,47
01 45 03.2900,+37 56 33.200,,J014503.3+375633,01 45 03.29,+37 56 33.2,12.5,,15.8,7,AR And,,Simbad,48
01 45 38.2500,+28 21 40.600,,J014538.3+282141,01 45 38.25,+28 21 40.6,18.5,>,20.0,1,CSS110924:014538+282141,,Simbad,49
01 47 09.7300,+17 15 20.000,,J014709.7+171520,01 47 09.73,+17 15 20.0,15.7,,19.4,1,CSS091213:014710+171520,,Simbad,50
01 50 21.1800,-12 44 25.300,,J015021.2-124425,01 50 21.18,-12 44 25.3,14.5,,18.9,4,CSS091029:015021-124425,II,Simbad,51
01 50 51.5300,+33 26 21.600,X,J015051.5+332622,01 50 51.53,+33 26 21.6,15.3,,18.3,1,CSS111006:015052+332622,,Simbad,52
01 51 51.8900,+14 00 47.000,,J015151.9+140047,01 51 51.89,+14 00 47.0,14.7,,19.7,3,BG Ari,I,Simbad,53
01 53 21.4900,+34 08 56.500,,J015321.5+340857,01 53 21.49,+34 08 56.5,15.9,,19.6,7,CSS081026:015321+340857,,Simbad,54
01 55 43.4200,+00 28 07.400,,J015543.4+002807,01 55 43.42,+00 28 07.4,15.2,,17.0,10,FL Cet,I,Simbad,55
02 00 56.0200,+19 57 26.800,,J020056.0+195727,02 00 56.02,+19 57 26.8,19.1,,21.3,1,CSS090117:020056+195727,,Simbad,56
02 08 04.2300,+37 32 16.600,X,J020804.2+373217,02 08 04.23,+37 32 16.6,15.3,,17.9,1,CSS101207:020804+373217,II,Simbad,57
02 11 10.2200,+17 16 24.300,,J021110.2+171624,02 11 10.22,+17 16 24.3,14.4,,19.0,8,CSS080130:021110+171624,III,Simbad,58
02 13 07.9700,+18 44 15.800,,J021308.0+184416,02 13 07.97,+18 44 15.8,15.4,,19.7,2,CSS101214:021308+184416,,Simbad,59
02 14 40.7200,-26 56 01.900,,J021440.7-265602,02 14 40.72,-26 56 01.9,18.7,>,21.1,1,SSS111230:021441-265602,,Simbad,60
02 20 47.2700,-14 48 23.400,,J022047.3-144823,02 20 47.27,-14 48 23.4,15.4,,19.2,3,CSS090917:022047-144823,,Simbad,61
02 21 37.8400,-26 19 52.100,,J022137.8-261952,02 21 37.84,-26 19 52.1,14.5,,19.7,1,SSS100829:022138-261952,,Simbad,62
02 24 11.4500,+35 59 18.600,,J022411.4+355919,02 24 11.45,+35 59 18.6,17.1,,18.7,4,CSS081031:022411+355919,,Simbad,63
02 24 36.4300,+37 20 21.400,,J022436.4+372021,02 24 36.43,+37 20 21.4,16.5,,,1,CSS101108:022436+372021,,Simbad,64
02 26 32.3300,+21 06 53.800,,J022632.3+210654,02 26 32.33,+21 06 53.8,17.8,,,2,CSS090920:022632+210654,,Simbad,65
02 26 47.5700,+15 25 38.900,,J022647.6+152539,02 26 47.57,+15 25 38.9,18.7,,,1,CSS100911:022648+152539,III,Simbad,66
02 27 32.8600,+13 06 17.100,,J022732.9+130617,02 27 32.86,+13 06 17.1,16.5,,18.4,2,MLS110213:022733+130617,,Simbad,67
02 32 11.6700,+30 36 36.000,,J023211.7+303636,02 32 11.67,+30 36 36.0,16.6,,20.3,1,CSS101029:023212+303636,,Simbad,68
02 33 02.6400,+18 48 22.000,,J023302.6+184822,02 33 02.64,+18 48 22.0,18.4,,21.3,2,CSS090920:023303+184822,,Simbad,69
02 35 04.0100,+32 40 37.700,,J023504.0+324038,02 35 04.01,+32 40 37.7,17.6,,,1,CSS080909:023504+324038,,Simbad,70
02 35 33.6700,+15 51 52.700,,J023533.7+155153,02 35 33.67,+15 51 52.7,17.1,,21.2,1,CSS091014:023534+155153,,Simbad,71
02 36 38.0000,+11 11 57.100,,J023638.0+111157,02 36 38.00,+11 11 57.1,15.6,,19.3,3,CSS091106:023638+111157,,Simbad,72
02 38 39.1100,+35 56 48.300,,J023839.1+355648,02 38 39.11,+35 56 48.3,14.1,,,3,CT Tri,III,Simbad,73
02 42 53.4100,+38 04 03.400,,J024253.4+380403,02 42 53.41,+38 04 03.4,15.1,,19.1,8,PV Per,,Simbad,74
02 44 57.4200,+35 22 49.300,,J024457.4+352249,02 44 57.42,+35 22 49.3,18.3,,,1,CSS071112:024457+352249,,Simbad,75
02 45 17.2400,+33 31 25.700,,J024517.2+333126,02 45 17.24,+33 31 25.7,15.2,,,3,UW Tri,,Simbad,76
02 46 02.3800,+34 55 08.200,,J024602.4+345508,02 46 02.38,+34 55 08.2,14.5,,18.4,5,V0872 Per,,Simbad,77
02 46 07.5300,-63 35 46.000,,J024607.5-633546,02 46 07.53,-63 35 46.0,14.7,,19.3,1,RU Hor,,Simbad,78
02 50 00.1400,+37 39 22.200,,J025000.1+373922,02 50 00.14,+37 39 22.2,14.3,,15.9,7,PY Per,,Simbad,79
02 56 12.8700,-10 33 59.000,,J025612.9-103359,02 56 12.87,-10 33 59.0,15.1,,19.1,1,CSS091021:025613-103359,,Simbad,80
02 56 14.9900,+19 16 11.200,,J025615.0+191611,02 56 14.99,+19 16 11.2,17.7,,,1,CSS090128:025615+191611,,Simbad,81
02 56 21.2600,-12 18 55.000,,J025621.3-121855,02 56 21.26,-12 18 55.0,19.2,,,2,CSS080927:025621-121855,,Simbad,82
03 01 40.6000,+24 15 41.400,,J030140.6+241541,03 01 40.60,+24 15 41.4,19.2,,19.8,1,CSS090928:030141+241541,,Simbad,83
03 07 28.8300,+32 43 06.500,,J030728.8+324306,03 07 28.83,+32 43 06.5,17.6,,,4,CSS081031:030729+324306,,Simbad,84
03 09 45.1900,+29 52 50.900,,J030945.2+295251,03 09 45.19,+29 52 50.9,14.8,,18.9,1,CSS071108:030945+295251,,Simbad,85
03 10 32.7800,-09 45 05.900,,J031032.8-094506,03 10 32.78,-09 45 05.9,16.2,,18.3,1,CP Eri,,Simbad,86
03 14 40.9900,+27 12 29.200,,J031441.0+271229,03 14 40.99,+27 12 29.2,16.8,,20.4,1,CSS101207:031441+271229,,Simbad,87
03 20 33.2000,+06 43 05.200,,J032033.2+064305,03 20 33.20,+06 43 05.2,17.1,,19.4,2,CSS081222:032033+064305,,Simbad,88
03 21 48.3900,-50 35 58.600,,J032148.4-503559,03 21 48.39,-50 35 58.6,16.8,,,2,SSS110106:032148-503559,,Simbad,89
03 26 27.2600,+07 07 44.400,,J032627.3+070744,03 26 27.26,+07 07 44.4,16.7,>,21.2,6,CSS080110:032627+070744,,Simbad,90
03 26 51.7000,+01 15 13.200,,J032651.7+011513,03 26 51.70,+01 15 13.2,17.8,,,1,CSS100219:032652+011513,I,Simbad,91
03 28 11.8500,+28 06 31.300,,J032811.9+280631,03 28 11.85,+28 06 31.3,15.7,,18.2,4,CSS090928:032812+280631,II,Simbad,92
03 28 39.8500,-01 02 40.300,,J032839.9-010240,03 28 39.85,-01 02 40.3,14.5,,,1,CSS101116:032840-010240,,Simbad,93
03 28 55.0000,+05 22 53.900,,J032855.0+052253,03 28 55.00,+05 22 53.9,17.4,,18.9,1,SDSS 032855,,Simbad,94
03 29 02.0400,+06 00 46.700,,J032902.0+060047,03 29 02.04,+06 00 46.7,17.6,,,3,CSS101202:032902+060047,,Simbad,95
03 29 12.2500,+12 50 17.700,,J032912.3+125018,03 29 12.25,+12 50 17.7,15.3,,21.0,1,V1265 Tau,,Simbad,96
03 29 33.9100,+18 25 30.000,,J032933.9+182530,03 29 33.91,+18 25 30.0,17.5,,,1,CSS110124:032934+182530,,Simbad,97
03 30 31.4300,+20 14 01.500,,J033031.4+201402,03 30 31.43,+20 14 01.5,15.6,,18.8,3,CSS090213:033031+201402,,Simbad,98
03 30 55.6600,+25 12 55.200,,J033055.7+251255,03 30 55.66,+25 12 55.2,16.6,,,5,CSS080130:033056+251255,,Simbad,99
03 31 04.4200,+17 25 40.100,,J033104.4+172540,03 31 04.42,+17 25 40.1,15.5,,19.1,10,CSS081107:033104+172540,,Simbad,100
03 32 31.9100,+02 04 38.900,,J033231.9+020439,03 32 31.91,+02 04 38.9,16.5,,19.2,2,CSS091121:033232+020439,,Simbad,101
03 32 48.0700,+32 30 57.000,,J033248.1+323057,03 32 48.07,+32 30 57.0,18.7,,,1,CSS081025:033248+323057,,Simbad,102
03 33 49.8000,-28 22 43.600,,J033349.8-282244,03 33 49.80,-28 22 43.6,14.7,,17.7,2,SSS110224:033350-282244,,Simbad,103
03 33 56.8700,+33 21 51.900,,J033356.9+332152,03 33 56.87,+33 21 51.9,17.6,>,19.3,3,CSS111127:033357+332152,,Simbad,104
03 34 49.8100,-07 10 47.600,,J033449.8-071048,03 34 49.81,-07 10 47.6,14.4,,17.9,4,SDSS J033449.86-071047.8,,Simbad,105
03 35 55.7900,+19 11 19.100,,J033555.8+191119,03 35 55.79,+19 11 19.1,16.0,,19.7,4,CSS081107:033556+191119,,Simbad,106
03 36 25.6900,+32 08 13.700,,J033625.7+320814,03 36 25.69,+32 08 13.7,16.0,,20.5,2,CSS111225:033626+320814,,Simbad,107
03 37 10.9500,-06 50 59.200,,J033710.9-065059,03 37 10.95,-06 50 59.2,17.3,,20.1,2,SDSS J033710.91-065059.4,I,Simbad,108
03 40 10.1600,+39 12 45.300,,J034010.2+391245,03 40 10.16,+39 12 45.3,17.4,>,19.9,1,CSS100216:034010+391245,,Simbad,109
03 40 29.5400,-45 01 34.300,,J034029.5-450134,03 40 29.54,-45 01 34.3,18.0,>,21.3,1,SSS110916:034030-450134,,Simbad,110
03 42 03.6500,+23 27 33.200,,J034203.7+232733,03 42 03.65,+23 27 33.2,18.5,,,1,MLS100911:034204+232733,,Simbad,111
03 42 06.3700,+32 37 07.500,,J034206.4+323707,03 42 06.37,+32 37 07.5,17.6,,,2,CSS081025:034206+323707,,Simbad,112
03 44 01.9900,+21 57 07.400,,J034402.0+215707,03 44 01.99,+21 57 07.4,15.1,,20.5,1,V0701 Tau,,Simbad,113
03 44 55.1600,+28 29 59.500,,J034455.2+282960,03 44 55.16,+28 29 59.5,19.3,>,22.3,1,MLS101105:034455+282959,,Simbad,114
03 45 15.4300,-01 52 16.200,,J034515.4-015216,03 45 15.43,-01 52 16.2,15.5,,18.6,6,CSS090219:034515-015216,,Simbad,115
03 47 03.5800,+19 51 13.600,,J034703.6+195114,03 47 03.58,+19 51 13.6,16.8,,,2,CSS101202:034704+195112,,Simbad,116
03 50 03.4400,+37 00 51.900,,J035003.4+370052,03 50 03.44,+37 00 51.9,18.3,,,2,CSS100113:035003+370052,,Simbad,117
03 50 10.7100,+32 32 29.600,,J035010.7+323230,03 50 10.71,+32 32 29.6,16.8,,18.4,1,CSS091218:035011+323230,,Simbad,118
03 50 34.8700,+35 32 46.900,,J035034.9+353247,03 50 34.87,+35 32 46.9,15.7,,17.5,1,CSS081030:035035+353247,II,Simbad,119
03 53 18.2000,-03 48 47.200,,J035318.2-034847,03 53 18.20,-03 48 47.2,15.1,,17.9,1,CSS111231:035318-034847,,Simbad,120
03 53 23.8700,-16 42 50.200,,J035323.9-164250,03 53 23.87,-16 42 50.2,17.7,,,1,CSS081010:035324-164250,,Simbad,121
03 55 33.9200,+29 21 50.300,,J035533.9+292150,03 55 33.92,+29 21 50.3,21.1,,21.9,2,CSS090919:035534+292150,,Simbad,122
03 57 58.6700,+10 29 42.900,,J035758.7+102943,03 57 58.67,+10 29 42.9,16.9,,20.2,3,CSS091109:035759+102943,,Simbad,123
03 58 30.9100,+18 32 50.800,,J035830.9+183251,03 58 30.91,+18 32 50.8,19.1,,21.0,1,CSS111217:035831+183251,,Simbad,124
03 58 59.3100,-20 14 30.200,,J035859.3-201430,03 58 59.31,-20 14 30.2,18.0,,,2,CSS101201:035859-201430,,Simbad,125
04 01 17.4200,+28 39 42.300,,J040117.4+283942,04 01 17.42,+28 39 42.3,17.4,,,1,CSS090317:040117+283942,,Simbad,126
04 01 40.9300,+08 00 07.800,,J040140.9+080008,04 01 40.93,+08 00 07.8,15.4,,18.6,2,CSS081024:040141+080008,,Simbad,127
04 03 47.2600,+21 33 48.800,,J040347.3+213349,04 03 47.26,+21 33 48.8,17.2,,20.4,2,CSS100106:040347+213349,,Simbad,128
04 06 37.6100,-24 54 50.900,,J040637.6-245451,04 06 37.61,-24 54 50.9,18.9,,,1,SSS110904:040638-245451,,Simbad,129
04 06 59.8100,+00 52 43.900,,J040659.8+005244,04 06 59.81,+00 52 43.9,13.2,,17.9,2,VSX J040659.7+005244,,Simbad,130
04 07 42.0500,+23 05 56.200,,J040742.1+230556,04 07 42.05,+23 05 56.2,17.4,,18.4,1,MLS100905:040742+230556,,Simbad,131
04 08 21.8900,+14 15 15.700,,J040821.9+141516,04 08 21.89,+14 15 15.7,16.8,,20.8,1,CSS120113:040822+141516,III,Simbad,132
04 11 25.7500,-15 23 23.800,,J041125.8-152324,04 11 25.75,-15 23 23.8,15.6,,19.2,1,XZ Eri,,Simbad,133
04 11 33.6200,-09 07 29.400,,J041133.6-090729,04 11 33.62,-09 07 29.4,15.9,,19.2,2,CSS091215:041134-090729,,Simbad,134
04 11 38.5900,+23 22 20.200,,J041138.6+232220,04 11 38.59,+23 22 20.2,15.5,,18.2,4,CSS081118:041139+232220,,Simbad,135
04 13 49.9800,+09 45 15.300,,J041350.0+094515,04 13 49.98,+09 45 15.3,16.2,,,2,CSS110125:041350+094515,,Simbad,136
04 14 55.7100,+21 56 43.100,,J041455.7+215643,04 14 55.71,+21 56 43.1,16.7,,20.2,2,CSS071215:041456+215643,,Simbad,137
04 16 36.8700,+29 28 06.100,,J041636.9+292806,04 16 36.87,+29 28 06.1,15.7,,20.7,3,CSS100317:041637+292806,,Simbad,138
04 17 34.5800,-06 13 57.200,,J041734.6-061357,04 17 34.58,-06 13 57.2,18.7,,,2,CSS081202:041735-061357,,Simbad,139
04 21 42.1400,+34 03 28.500,,J042142.1+340328,04 21 42.14,+34 03 28.5,17.8,,,1,CSS090403:042142+340328,,Simbad,140
04 21 51.4000,+30 41 39.100,,J042151.4+304139,04 21 51.40,+30 41 39.1,17.1,,19.0,1,CSS111225:042151+304139,,Simbad,141
04 22 29.2800,+16 14 30.100,,J042229.3+161430,04 22 29.28,+16 14 30.1,16.1,,,2,CSS091024:042229+161430,III,Simbad,142
04 22 38.1000,-13 21 30.500,,J042238.1-132130,04 22 38.10,-13 21 30.5,14.2,,17.6,2,AH Eri,,Simbad,143
04 24 30.5900,+29 26 42.700,,J042430.6+292643,04 24 30.59,+29 26 42.7,17.0,,,3,CSS100317:042431+292643,,Simbad,144
04 30 19.9500,+09 53 17.800,,J043019.9+095318,04 30 19.95,+09 53 17.8,15.4,,18.9,3,CSS080929:043020+095318,,Simbad,145
04 31 12.4500,-03 14 51.600,,J043112.4-031452,04 31 12.45,-03 14 51.6,15.1,,19.3,1,CSS110113:043112-031452,,Simbad,146
04 35 17.7700,+00 29 40.900,,J043517.8+002941,04 35 17.77,+00 29 40.9,17.7,,,1,CSS090219:043518+002941,V,Simbad,147
04 35 46.8600,+09 08 36.800,,J043546.9+090837,04 35 46.86,+09 08 36.8,15.6,,,1,CSS091123:043547+090837,,Simbad,148
04 37 42.0800,+00 30 47.800,,J043742.1+003048,04 37 42.08,+00 30 47.8,17.2,,,1,CSS081203:043742+003048,,Simbad,149
04 38 29.1000,+00 40 15.900,,J043829.1+004016,04 38 29.10,+00 40 15.9,16.7,,19.2,1,CSS100218:043829+004016,,Simbad,150
04 40 27.1400,+02 33 01.000,X,J044027.1+023301,04 40 27.14,+02 33 01.0,16.2,,18.5,1,CSS090219:044027+023301,,Simbad,151
04 40 42.4900,+30 40 24.800,,J044042.5+304025,04 40 42.49,+30 40 24.8,16.1,,20.4,1,CSS111123:044042+304025,,Simbad,152
04 40 48.8100,+07 45 18.800,,J044048.8+074519,04 40 48.81,+07 45 18.8,17.0,,19.3,1,CSS111116:044049+074519,,Simbad,153
04 42 16.0300,-00 23 33.900,,J044216.0-002334,04 42 16.03,-00 23 33.9,16.7,,,4,CSS071115:044216-002334,,Simbad,154
04 43 40.4500,+19 14 19.900,,J044340.5+191420,04 43 40.45,+19 14 19.9,18.5,,,1,CSS090316:044340+191420,,Simbad,155
04 44 45.7000,+35 27 44.500,,J044445.7+352744,04 44 45.70,+35 27 44.5,16.2,,18.3,7,CSS090403:044446+352744,,Simbad,156
04 45 43.1600,+11 08 59.700,,J044543.2+110860,04 45 43.16,+11 08 59.7,17.5,,21.0,2,MLS110930:044543+110860,,Simbad,157
04 47 25.4000,+09 24 39.500,,J044725.4+092439,04 47 25.40,+09 24 39.5,15.2,,18.0,1,CSS081201:044725+092439,,Simbad,158
04 48 05.8200,-10 41 34.500,,J044805.8-104134,04 48 05.82,-10 41 34.5,17.7,,,2,CSS091023:044806-104134,,Simbad,159
04 49 02.6800,-18 41 28.900,,J044902.7-184129,04 49 02.68,-18 41 28.9,14.9,,16.8,3,CSS110114:044903-184129,,Simbad,160
04 49 47.2600,+25 41 44.700,,J044947.3+254145,04 49 47.26,+25 41 44.7,18.4,,21.0,1,MLS120129:044947+254145,,Simbad,161
04 53 02.6100,+11 58 00.500,,J045302.6+115800,04 53 02.61,+11 58 00.5,17.1,,20.9,2,CSS111116:045303+115800,,Simbad,162
04 56 46.4200,+06 04 56.000,,J045646.4+060456,04 56 46.42,+06 04 56.0,15.4,>,20.4,1,CSS100219:045646+060456,,Simbad,163
04 58 03.2100,+10 53 56.700,,J045803.2+105357,04 58 03.21,+10 53 56.7,18.0,>,21.9,1,CSS100406:045803+105357,,Simbad,164
04 59 28.0500,+21 04 56.500,,J045928.0+210457,04 59 28.05,+21 04 56.5,19.9,,,1,MLS120225:045928+210457,,Simbad,165
04 59 44.0300,+19 26 22.600,,J045944.0+192622,04 59 44.03,+19 26 22.6,14.9,,18.0,3,V1208 Tau,,Simbad,166
04 59 55.0900,+20 48 51.100,,J045955.1+204851,04 59 55.09,+20 48 51.1,17.1,,,1,MLS101225:045955+204851,,Simbad,167
04 59 59.3400,-47 38 08.500,,J045959.3-473808,04 59 59.34,-47 38 08.5,15.3,,,1,SSS110402:045959-473808,,Simbad,168
05 01 24.1300,+20 38 17.900,,J050124.1+203818,05 01 24.13,+20 38 17.9,15.0,,17.5,3,CSS091024:050124+203818,,Simbad,169
05 01 57.2300,-48 39 00.800,,J050157.2-483901,05 01 57.23,-48 39 00.8,17.2,,,1,SSS120112:050157-483901,,Simbad,170
05 02 53.1200,+17 10 41.500,,J050253.1+171041,05 02 53.12,+17 10 41.5,16.2,,18.6,2,MLS101203:050253+171041,III,Simbad,171
05 03 18.5300,+08 43 50.500,,J050318.5+084350,05 03 18.53,+08 43 50.5,17.7,,,0,CSS100108:050319+084350,,Simbad,172
05 05 26.8400,+08 34 14.500,,J050526.8+083415,05 05 26.84,+08 34 14.5,15.8,,18.1,1,CSS100321:050527+083415,II,Simbad,173
05 06 59.2400,-16 59 32.000,,J050659.2-165932,05 06 59.24,-16 59 32.0,14.5,,18.7,2,CSS090220:050659-165932,,Simbad,174
05 07 16.2300,+12 53 14.200,,J050716.2+125314,05 07 16.23,+12 53 14.2,16.4,,19.9,8,CSS081221:050716+125314,,Simbad,175
05 08 47.5600,-09 34 47.000,,J050847.6-093447,05 08 47.56,-09 34 47.0,,,,1,CSS101211:050848-093447,,Simbad,176
05 11 20.9400,+11 34 43.300,,J051120.9+113443,05 11 20.94,+11 34 43.3,17.1,,21.7,2,CSS111118:051121+113443,,Simbad,177
05 14 19.8700,+01 11 20.900,,J051419.9+011121,05 14 19.87,+01 11 20.9,15.5,,19.5,1,CSS091109:051420+011121,,Simbad,178
05 14 57.7400,+08 35 02.900,,J051457.7+083503,05 14 57.74,+08 35 02.9,14.0,,18.4,2,CSS101128:051458+083503,,Simbad,179
05 18 14.5300,-02 45 02.800,,J051814.5-024503,05 18 14.53,-02 45 02.8,15.2,,17.0,1,CSS090219:051815-024503,,Simbad,180
05 19 22.9100,+15 54 35.000,X,J051922.9+155435,05 19 22.91,+15 54 35.0,14.3,,17.1,1,CSS111118:051923+155435,,Simbad,181
05 20 33.8500,-00 05 30.100,,J052033.9-000530,05 20 33.85,-00 05 30.1,16.8,,19.4,1,CSS080207:052034-000530,,Simbad,182
05 20 35.0100,-08 58 14.500,,J052035.0-085814,05 20 35.01,-08 58 14.5,18.0,,,2,CSS081027:052035-085814,,Simbad,183
05 22 09.6700,-35 05 30.300,,J052209.7-350530,05 22 09.67,-35 05 30.3,16.2,,18.8,1,SSS111126:052210-350530,,Simbad,184
05 23 51.7700,+01 00 30.600,,J052351.8+010031,05 23 51.77,+01 00 30.6,14.0,,16.4,1,BI Ori,,Simbad,185
05 24 33.4700,-07 05 27.700,,J052433.5-070528,05 24 33.47,-07 05 27.7,17.3,>,21.3,1,CSS101108:052433-070528,,Simbad,186
05 25 20.1400,-03 02 51.300,,J052520.1-030251,05 25 20.14,-03 02 51.3,17.6,,,1,CSS101130:052520-030251,,Simbad,187
05 25 21.9500,-10 50 14.800,,J052521.9-105015,05 25 21.95,-10 50 14.8,16.2,,,1,CSS081207:052522-105015,,Simbad,188
05 27 46.4100,-13 52 56.000,,J052746.4-135256,05 27 46.41,-13 52 56.0,18.0,,,1,CSS090922:052746-135256,,Simbad,189
05 30 12.2800,-28 50 22.300,,J053012.3-285022,05 30 12.28,-28 50 22.3,14.5,,18.8,2,SSS110123:053012-285022,,Simbad,190
05 30 41.9600,+14 18 26.100,,J053042.0+141826,05 30 41.96,+14 18 26.1,16.6,,20.0,1,CSS111023:053042+141826,,Simbad,191
05 30 54.5900,-33 57 30.200,X,J053054.6-335730,05 30 54.59,-33 57 30.2,16.8,>,20.2,1,SSS110905:053055-335730,,Simbad,192
05 33 55.6800,-20 47 19.600,,J053355.7-204720,05 33 55.68,-20 47 19.6,17.4,,,1,CSS101214:053356-204720,,Simbad,193
05 35 35.0300,-53 48 32.600,,J053535.0-534833,05 35 35.03,-53 48 32.6,16.2,,20.1,2,SSS110131:053535-534833,,Simbad,194
05 35 41.8100,-11 37 16.800,,J053541.8-113717,05 35 41.81,-11 37 16.8,16.0,,19.6,1,CSS091118:053542-113717,,Simbad,195
05 41 18.8700,-35 24 14.800,,J054118.9-352415,05 41 18.87,-35 24 14.8,13.9,,17.6,2,SSS110222:054119-352415,,Simbad,196
05 41 35.0000,+01 37 08.000,,J054135.0+013708,05 41 35.00,+01 37 08.0,15.3,,,1,CSS111003:054135+013708,,Simbad,197
05 43 01.2900,-16 40 11.400,,J054301.3-164011,05 43 01.29,-16 40 11.4,14.7,,18.6,6,CSS091118:054301-164011,,Simbad,198
05 43 33.5200,-35 17 33.800,,J054333.5-351734,05 43 33.52,-35 17 33.8,14.7,,18.6,2,SSS110126:054334-351734,,Simbad,199
05 45 58.2600,+02 21 06.400,,J054558.3+022106,05 45 58.26,+02 21 06.4,14.6,,16.4,1,PN Te_11,III,Simbad,200
05 47 12.1500,-17 42 23.400,,J054712.1-174223,05 47 12.15,-17 42 23.4,18.1,>,20.7,2,CSS101214:054712-174223,,Simbad,201
05 47 38.3300,-49 05 18.700,,J054738.3-490519,05 47 38.33,-49 05 18.7,16.3,,,1,SSS120429:054738-490519,,Simbad,202
05 49 32.1600,-21 55 29.300,,J054932.2-215529,05 49 32.16,-21 55 29.3,17.0,>,20.8,1,SSS110324:054932-215529,,Simbad,203
05 49 45.3800,-49 21 56.100,,J054945.4-492156,05 49 45.38,-49 21 56.1,13.2,,17.0,1,AR Pic,,Simbad,204
05 53 49.1800,-52 50 45.400,,J055349.2-525045,05 53 49.18,-52 50 45.4,16.8,,,1,SSS111213:055349-525045,,Simbad,205
05 57 21.8200,-36 30 55.400,,J055721.8-363055,05 57 21.82,-36 30 55.4,14.8,>,20.8,1,SSS111229:055722-363055,,Simbad,206
05 57 28.6200,-13 43 04.700,,J055728.6-134305,05 57 28.62,-13 43 04.7,16.7,,,3,CSS120222:055729-134305,,Simbad,207
05 57 30.0600,+00 15 13.800,,J055730.1+001514,05 57 30.06,+00 15 13.8,18.4,,,1,CSS080307:055730+001514,,Simbad,208
05 58 42.7800,+00 06 26.000,,J055842.8+000626,05 58 42.78,+00 06 26.0,15.4,,18.3,2,CSS100114:055843+000626,II,Simbad,209
05 59 35.4100,-08 10 55.100,,J055935.4-081055,05 59 35.41,-08 10 55.1,16.8,,,1,CSS120102:055935-081055,,Simbad,210
06 00 30.9700,-10 52 08.000,,J060031.0-105208,06 00 30.97,-10 52 08.0,19.1,,,1,CSS071206:060031-105208,,Simbad,211
06 00 37.5900,-08 09 44.800,,J060037.6-080945,06 00 37.59,-08 09 44.8,15.8,,19.5,2,CSS080207:060038-080945,,Simbad,212
06 01 49.4000,-51 07 40.900,,J060149.4-510741,06 01 49.40,-51 07 40.9,15.9,,,2,SSS110428:060149-510741,,Simbad,213
06 05 28.2800,-30 05 28.500,,J060528.3-300529,06 05 28.28,-30 05 28.5,18.4,,,1,SSS110306:060528-300529,,Simbad,214
06 10 25.5500,-16 28 59.000,,J061025.6-162859,06 10 25.55,-16 28 59.0,16.7,,19.0,3,CSS110207:061026-162859,,Simbad,215
06 15 12.9200,-23 51 30.700,,J061512.9-235131,06 15 12.92,-23 51 30.7,15.7,,19.9,1,SSS110424:061513-235131,,Simbad,216
06 17 53.8700,-36 26 54.600,,J061753.9-362655,06 17 53.87,-36 26 54.6,14.3,,17.7,2,SSS100511:061754-362655,,Simbad,217
06 17 56.5800,-25 45 04.300,,J061756.6-254504,06 17 56.58,-25 45 04.3,16.4,,,1,SSS110328:061757-254504,,Simbad,218
06 34 37.9200,+41 20 46.600,,J063437.9+412047,06 34 37.92,+41 20 46.6,15.8,,,1,CSS091026:063438+412047,,Simbad,219
06 36 44.8700,-18 25 30.700,,J063644.9-182531,06 36 44.87,-18 25 30.7,17.3,,,1,SSS120411:063645-182531,,Simbad,220
06 37 54.6700,-57 02 40.700,,J063754.7-570241,06 37 54.67,-57 02 40.7,14.3,,,1,SSS110307:063755-570241,,Simbad,221
06 38 20.7400,-34 13 33.400,,J063820.7-341333,06 38 20.74,-34 13 33.4,16.3,,,1,SSS120119:063821-341333,,Simbad,222
06 43 51.7600,-41 52 51.500,,J064351.8-415251,06 43 51.76,-41 52 51.5,16.0,,,1,SSS120420:064352-415251,,Simbad,223
06 44 07.5500,-43 00 18.200,,J064407.5-430018,06 44 07.55,-43 00 18.2,17.8,,,1,SSS120420:064408-430018,,Simbad,224
06 46 08.2300,+40 33 05.100,,J064608.2+403305,06 46 08.23,+40 33 05.1,16.2,,,2,CSS080512:064608+403305,,Simbad,225
06 46 58.6700,+48 30 51.100,,J064658.7+483051,06 46 58.67,+48 30 51.1,16.5,,19.4,1,CSS090426:064659+483051,,Simbad,226
06 47 29.2900,+49 50 27.300,,J064729.3+495027,06 47 29.29,+49 50 27.3,13.3,,16.4,1,CSS091029:064729+495027,II,Simbad,227
06 48 04.5100,+41 47 01.800,,J064804.5+414702,06 48 04.51,+41 47 01.8,15.9,>,19.8,2,CSS091026:064805+414702,,Simbad,228
06 49 34.7200,-29 43 30.900,,J064934.7-294331,06 49 34.72,-29 43 30.9,16.9,,,1,SSS120516:064935-294331,,Simbad,229
06 50 36.6100,+41 30 53.100,,J065036.6+413053,06 50 36.61,+41 30 53.1,16.5,,18.6,1,CSS110413:065037+413053,II,Simbad,230
06 51 28.5200,-41 09 18.500,X,J065128.5-410918,06 51 28.52,-41 09 18.5,14.2,,18.5,1,SSS111223:065129-410919,,Simbad,231
06 51 45.9300,-42 13 24.800,,J065145.9-421325,06 51 45.93,-42 13 24.8,16.0,,,1,SSS120318:065146-421325,,Simbad,232
06 54 33.2500,-28 38 47.700,,J065433.3-283848,06 54 33.25,-28 38 47.7,16.4,>,19.8,1,SSS120516:065433-283848,,Simbad,233
06 57 22.0500,-42 12 37.300,,J065722.1-421237,06 57 22.05,-42 12 37.3,16.5,>,21.9,1,SSS120318:065722-421237,,Simbad,234
07 04 20.8900,-52 02 08.800,,J070420.9-520209,07 04 20.89,-52 02 08.8,17.0,,,1,SSS120509:070421-520209,,Simbad,235
07 05 01.0600,+37 25 05.200,,J070501.1+372505,07 05 01.06,+37 25 05.2,18.0,,,1,CSS080309:070501+372505,,Simbad,236
07 11 25.9900,+44 04 05.000,,J071126.0+440405,07 11 25.99,+44 04 05.0,14.6,,17.3,7,CSS081231:071126+440405,,Simbad,237
07 13 48.3000,-48 45 10.500,,J071348.3-484511,07 13 48.30,-48 45 10.5,17.8,,,2,SSS101212:071348-484511,,Simbad,238
07 16 47.6600,+35 43 15.700,,J071647.7+354316,07 16 47.66,+35 43 15.7,17.0,,,2,CSS081002:071648+354316,,Simbad,239
07 19 20.5800,+35 21 11.500,,J071920.6+352111,07 19 20.58,+35 21 11.5,17.7,,,2,CSS091111:071921+352111,,Simbad,240
07 19 24.0700,+29 23 42.600,,J071924.1+292343,07 19 24.07,+29 23 42.6,16.8,,21.1,4,CSS090128:071924+292343,,Simbad,241
07 20 01.6200,+52 34 21.200,,J072001.6+523421,07 20 01.62,+52 34 21.2,17.1,,,2,CSS091116:072002+523421,,Simbad,242
07 20 32.6300,+17 24 37.000,,J072032.6+172437,07 20 32.63,+17 24 37.0,18.0,,20.6,4,MLS101226:072033+172437,,Simbad,243
07 21 44.4700,+66 38 38.100,,J072144.5+663838,07 21 44.47,+66 38 38.1,16.6,,18.7,1,CSS111124:072144+663838,,Simbad,244
07 21 46.9500,-52 00 56.400,,J072146.9-520056,07 21 46.95,-52 00 56.4,16.5,,,2,SSS101212:072147-520056,,Simbad,245
07 22 10.6500,+26 02 54.600,,J072210.7+260255,07 22 10.65,+26 02 54.6,16.9,,19.3,3,CSS090128:072211+260255,,Simbad,246
07 22 40.8300,+28 30 16.700,,J072240.8+283017,07 22 40.83,+28 30 16.7,13.2,,18.4,4,AW Gem,,Simbad,247
07 23 01.0000,+25 03 56.600,,J072301.0+250357,07 23 01.00,+25 03 56.6,15.8,,20.9,2,MLS101105:072301+250357,,Simbad,248
07 23 42.5900,+22 00 06.400,,J072342.6+220006,07 23 42.59,+22 00 06.4,16.4,,19.9,1,MLS120328:072343+220006,,Simbad,249
07 26 12.2000,+46 26 04.200,,J072612.2+462604,07 26 12.20,+46 26 04.2,17.2,,,1,CSS110209:072612+462604,,Simbad,250
07 27 52.2300,+40 46 52.500,,J072752.2+404652,07 27 52.23,+40 46 52.5,15.5,,17.1,2,V0496 Aur,,Simbad,251
07 30 55.5300,+42 56 35.500,,J073055.5+425636,07 30 55.53,+42 56 35.5,15.6,,,1,CSS090911:073056+425636,,Simbad,252
07 32 08.1300,+41 30 09.300,,J073208.1+413009,07 32 08.13,+41 30 09.3,15.6,,,1,SDSS J073208.11+413008.7,,Simbad,253
07 33 39.2800,+21 22 01.200,X,J073339.3+212201,07 33 39.28,+21 22 01.2,17.0,,19.4,1,CSS091111:073339+212201,,Simbad,254
07 35 59.9400,+22 01 32.100,,J073559.9+220132,07 35 59.94,+22 01 32.1,18.9,,21.8,1,MLS110305:073600+220132,,Simbad,255
07 37 58.5400,+20 55 44.700,,J073758.5+205545,07 37 58.54,+20 55 44.7,15.7,,19.9,2,SDSS J073758.55+205544.5,,Simbad,256
07 39 21.1600,+22 24 54.000,,J073921.2+222454,07 39 21.16,+22 24 54.0,17.7,,,3,CSS080303:073921+222454,,Simbad,257
07 42 22.5400,+17 28 06.800,,J074222.5+172807,07 42 22.54,+17 28 06.8,18.1,,19.9,1,MLS110309:074223+172807,,Simbad,258
07 44 00.4800,+41 55 03.700,,J074400.5+415504,07 44 00.48,+41 55 03.7,16.5,>,20.4,1,CSS111103:074400+415504,,Simbad,259
07 44 19.6800,+32 54 48.100,,J074419.7+325448,07 44 19.68,+32 54 48.1,17.3,,21.1,2,CSS091029:074420+325448,,Simbad,260
07 46 40.6100,+17 34 12.800,,J074640.6+173412,07 46 40.61,+17 34 12.8,16.3,,,5,SDSS_J074640+173412,,Simbad,261
07 48 19.9500,+24 57 58.700,,J074819.9+245759,07 48 19.95,+24 57 58.7,17.9,>,21.3,1,CSS101115:074820+245759,,Simbad,262
07 49 28.0100,+19 04 52.000,,J074928.0+190452,07 49 28.01,+19 04 52.0,16.8,,20.7,5,CSS090331:074928+190452,,Simbad,263
07 49 48.6400,-56 54 26.100,,J074948.6-565426,07 49 48.64,-56 54 26.1,16.4,,,1,SSS120216:074949-565426,,Simbad,264
07 50 59.9700,+14 11 50.200,,J075060.0+141150,07 50 59.97,+14 11 50.2,16.7,,18.9,1,SDSS J075059.97+141150.1,I,Simbad,265
07 53 31.9800,+37 58 00.600,,J075332.0+375801,07 53 31.98,+37 58 00.6,16.8,,19.6,1,CSS100407:075332+375801,,Simbad,266
07 54 14.4900,+31 32 15.800,,J075414.5+313216,07 54 14.49,+31 32 15.8,14.1,,19.5,1,CSS110414:075414+313216,,Simbad,267
07 56 48.0200,+30 58 05.500,,J075648.0+305805,07 56 48.02,+30 58 05.5,16.6,,20.9,3,CSS080406:075648+305805,I,Simbad,268
07 57 13.8200,+22 22 53.100,,J075713.8+222253,07 57 13.82,+22 22 53.1,17.0,>,21.3,3,SDSS J075713.81+222253.0,,Simbad,269
07 59 59.2700,+21 19 36.300,,J075959.3+211936,07 59 59.27,+21 19 36.3,19.0,,23.0,1,CSS111027:075959+211936,III,Simbad,270
08 00 33.8300,+19 24 16.300,,J080033.8+192416,08 00 33.83,+19 24 16.3,16.0,,18.3,2,SDSS J080033.86+192416.5,,Simbad,271
08 03 04.0000,+25 16 28.200,,J080304.0+251628,08 03 04.00,+25 16 28.2,15.1,,16.3,13,J0803+2516,,Simbad,272
08 03 06.9800,+28 48 56.100,,J080307.0+284856,08 03 06.98,+28 48 56.1,15.7,,20.0,1,SDSS J080306.99+284855.8,,Simbad,273
08 04 28.4300,+36 31 04.200,,J080428.4+363104,08 04 28.43,+36 31 04.2,18.4,>,19.8,1,CSS091116:080428+363104,,Simbad,274
08 05 13.8700,+40 50 24.600,,J080513.9+405025,08 05 13.87,+40 50 24.6,18.8,,,1,CSS081025:080514+405025,,Simbad,275
08 07 29.6900,+15 34 42.000,,J080729.7+153442,08 07 29.69,+15 34 42.0,17.1,>,20.2,1,PTF09bd,,Simbad,276
08 08 46.1900,+31 31 06.100,,J080846.2+313106,08 08 46.19,+31 31 06.1,14.3,,18.5,7,SDSS J080846.19+313106.0,I,Simbad,277
08 08 53.7300,+35 50 53.300,,J080853.7+355053,08 08 53.73,+35 50 53.3,16.2,,,9,CSS080416:080854+355053,IX,Simbad,278
08 09 41.3800,+17 15 28.100,,J080941.4+171528,08 09 41.38,+17 15 28.1,15.8,,20.6,2,CSS120120:080941+171528,,Simbad,279
08 10 30.6100,+00 24 28.600,,J081030.6+002429,08 10 30.61,+00 24 28.6,17.6,,19.5,2,CSS100108:081031+002429,III,Simbad,280
08 10 41.4200,-01 11 23.200,,J081041.4-011123,08 10 41.42,-01 11 23.2,16.4,,,1,CSS111130:081041-011123,,Simbad,281
08 11 17.1300,+15 20 02.900,,J081117.1+152003,08 11 17.13,+15 20 02.9,14.6,>,22.0,1,CSS111030:081117+152003,,Simbad,282
08 12 07.6400,+13 18 24.700,,J081207.6+131825,08 12 07.64,+13 18 24.7,14.4,,19.2,3,SDSS J081207.63+131824.4,I,Simbad,283
08 12 10.2400,+04 03 51.800,,J081210.2+040352,08 12 10.24,+04 03 51.8,17.9,,,17,CSS091017:081210+040352,,Simbad,284
08 12 36.5500,+16 19 45.500,,J081236.6+161946,08 12 36.55,+16 19 45.5,17.5,>,22.7,1,CSS120210:081237+161946,,Simbad,285
08 14 14.9200,+08 04 50.200,,J081414.9+080450,08 14 14.92,+08 04 50.2,18.3,,,2,CSS080202:081415+080450,,Simbad,286
08 14 18.9100,-00 50 22.100,,J081418.9-005022,08 14 18.91,-00 50 22.1,14.5,,18.4,1,CSS080409:081419-005022,II,Simbad,287
08 15 43.1600,-00 42 08.600,,J081543.2-004209,08 15 43.16,-00 42 08.6,17.8,,,1,CSS080417:081543-004209,,Simbad,288
08 16 02.4600,+58 48 24.100,,J081602.5+584824,08 16 02.46,+58 48 24.1,15.4,>,20.1,1,CSS120119:081602+584824,,Simbad,289
08 17 12.2500,+05 52 08.000,,J081712.2+055208,08 17 12.25,+05 52 08.0,16.8,,,3,CSS091215:081712+055208,,Simbad,290
08 18 36.8400,+01 22 07.100,,J081836.8+012207,08 18 36.84,+01 22 07.1,18.4,,,2,CSS100415:081837+012207,,Simbad,291
08 19 36.0600,+19 15 40.100,,J081936.1+191540,08 19 36.06,+19 15 40.1,15.9,,19.8,3,CSS100202:081936+191540,,Simbad,292
08 20 19.3700,+47 47 31.600,,J082019.4+474732,08 20 19.37,+47 47 31.6,17.2,,,2,CSS091213:082019+474732,,Simbad,293
08 21 23.7400,+45 41 35.300,,J082123.7+454135,08 21 23.74,+45 41 35.3,16.8,,20.0,1,CSS090224:082124+454135,II,Simbad,294
08 26 03.7200,+11 38 21.200,,J082603.7+113821,08 26 03.72,+11 38 21.2,15.1,,20.3,1,CSS110124:082604+113821,,Simbad,295
08 26 54.6800,-00 07 32.900,,J082654.7-000733,08 26 54.68,-00 07 32.9,16.9,,19.5,1,CSS080306:082655-000733,,Simbad,296
08 28 21.7500,+10 53 44.500,,J082821.8+105344,08 28 21.75,+10 53 44.5,16.5,,,1,CSS071231:082822+105344,,Simbad,297
08 36 18.9900,+21 21 05.000,,J083618.9+212105,08 36 18.99,+21 21 05.0,14.0,>,19.4,11,CC Cnc,,Simbad,298
08 37 50.9400,+38 30 13.000,,J083750.9+383013,08 37 50.94,+38 30 13.0,16.9,,18.9,1,J0837+3830,,Simbad,299
08 38 45.1900,+49 10 55.500,,J083845.2+491055,08 38 45.19,+49 10 55.5,14.5,,18.2,2,SDSS J083845.23+491055.5,I,Simbad,300
08 40 41.4500,+00 05 20.200,,J084041.5+000520,08 40 41.45,+00 05 20.2,18.6,,,1,CSS090331:084041+000520,,Simbad,301
08 41 08.1000,+10 25 36.600,,J084108.1+102537,08 41 08.10,+10 25 36.6,15.5,,19.6,1,SDSS J084108.10+102536.2,,Simbad,302
08 41 27.3700,+21 00 53.600,,J084127.4+210054,08 41 27.37,+21 00 53.6,15.6,,20.0,6,CSS090525:084127+210054,,Simbad,303
08 43 58.0600,+42 50 37.200,,J084358.1+425037,08 43 58.06,+42 50 37.2,15.4,,19.8,7,CSS080309:084358+425037,,Simbad,304
08 44 00.0900,+02 39 18.700,,J084400.0+023918,08 44 00.09,+02 39 18.7,14.3,,18.9,4,SDSS J084400+023919,,Simbad,305
08 44 13.6500,-01 28 07.200,,J084413.6-012807,08 44 13.65,-01 28 07.2,17.5,>,20.4,1,CSS090331:084414-012807,,Simbad,306
08 45 45.3400,-05 11 29.800,,J084545.3-051130,08 45 45.34,-05 11 29.8,17.7,,,2,CSS090201:084545-051130,,Simbad,307
08 45 55.0500,+03 39 29.300,,J084555.0+033929,08 45 55.05,+03 39 29.3,15.6,>,20.9,1,V0498 Hya,,Simbad,308
08 46 07.7300,+01 17 42.900,,J084607.7+011743,08 46 07.73,+01 17 42.9,18.1,,,1,CSS080202:084608+011743,,Simbad,309
08 47 02.4400,-15 41 58.200,,J084702.4-154158,08 47 02.44,-15 41 58.2,18.4,,,1,CSS120120:084702-154158,,Simbad,310
08 50 24.1600,-23 58 10.700,,J085024.2-235811,08 50 24.16,-23 58 10.7,16.2,,,1,SSS110407:085024-235811,,Simbad,311
08 51 07.4000,+03 08 34.500,,J085107.4+030834,08 51 07.40,+03 08 34.5,14.4,,18.3,5,CT Hya,,Simbad,312
08 51 13.4300,+34 44 48.700,,J085113.4+344449,08 51 13.43,+34 44 48.7,13.9,,19.7,5,CSS080401:085113+344449,,Simbad,313
08 52 19.4700,-08 17 29.500,,J085219.5-081730,08 52 19.47,-08 17 29.5,17.5,,,2,CSS100216:085219-081730,,Simbad,314
08 54 09.4100,+20 13 39.200,,J085409.4+201339,08 54 09.41,+20 13 39.2,16.9,,20.6,2,CSS080506:085409+201339,,Simbad,315
08 54 13.9600,+39 05 37.200,,J085414.0+390537,08 54 13.96,+39 05 37.2,16.1,,18.5,1,FR Lyn   I,,Simbad,316
08 56 03.7700,+32 21 09.200,,J085603.8+322109,08 56 03.77,+32 21 09.2,16.2,,19.9,2,CSS100508:085604+322109,,Simbad,317
08 56 06.8300,+12 38 36.600,,J085606.8+123837,08 56 06.83,+12 38 36.6,19.1,>,22.0,1,CSS100313:085607+123837,III,Simbad,318
08 57 09.6200,-03 20 28.800,,J085709.6-032029,08 57 09.62,-03 20 28.8,16.5,,,1,CSS110309:085710-032029,,Simbad,319
08 58 22.8600,-00 37 29.000,,J085822.9-003729,08 58 22.86,-00 37 29.0,17.2,,,3,CSS071112:085823-003729,,Simbad,320
08 59 12.4300,-11 06 47.900,,J085912.4-110648,08 59 12.43,-11 06 47.9,16.5,>,20.2,1,CSS090118:085912-110648,,Simbad,321
09 00 16.5500,+43 01 18.300,,J090016.5+430118,09 00 16.55,+43 01 18.3,14.1,,17.8,3,J0900+4301,,Simbad,322
09 00 16.6600,+34 39 27.500,,J090016.7+343928,09 00 16.66,+34 39 27.5,17.2,,19.8,1,CSS110512:090017+343928,,Simbad,323
09 00 26.2400,-09 26 48.900,,J090026.2-092649,09 00 26.24,-09 26 48.9,16.1,,20.6,1,CSS090118:090026-092649,,Simbad,324
09 02 10.2300,-11 30 31.500,,J090210.2-113032,09 02 10.23,-11 30 31.5,13.0,,17.4,2,CSS090201:090210-113032,,Simbad,325
09 02 39.4000,-06 27 19.600,,J090239.4-062720,09 02 39.40,-06 27 19.6,18.2,,,1,CSS120323:090239-062720,,Simbad,326
09 02 39.7000,+05 25 00.600,,J090239.7+052501,09 02 39.70,+05 25 00.6,16.2,,,2,CSS080304:090240+052501,,Simbad,327
09 03 50.7200,+33 00 36.100,,J090350.7+330036,09 03 50.72,+33 00 36.1,14.8,,18.9,1,J0903+3300,,Simbad,328
09 05 16.0500,+12 04 51.200,,J090516.0+120451,09 05 16.05,+12 04 51.2,15.9,,19.8,5,CSS091022:090516+120451,,Simbad,329
09 05 54.7400,-05 36 07.900,,J090554.7-053607,09 05 54.74,-05 36 07.9,15.1,,,8,V406 Hya,,Simbad,330
09 06 23.5200,-08 51 40.500,,J090623.5-085141,09 06 23.52,-08 51 40.5,16.7,,,1,CSS080307:090624-085141,,Simbad,331
09 06 28.2500,+05 26 56.900,,J090628.2+052657,09 06 28.25,+05 26 56.9,15.4,,18.2,3,SDSS J090628.25+052656.9,I,Simbad,332
09 08 52.1700,+07 16 40.000,,J090852.2+071640,09 08 52.17,+07 16 40.0,18.2,,,1,CSS110125:090852+071640,,Simbad,333
09 09 04.3800,+09 17 13.500,,J090904.4+091714,09 09 04.38,+09 17 13.5,16.6,,21.1,2,GUVV J090904.4+091714.4,,Simbad,334
09 09 50.5200,+18 49 47.100,,J090950.5+184947,09 09 50.52,+18 49 47.1,12.4,,15.9,5,GY Cnc,I,Simbad,335
09 11 47.0100,+31 51 02.000,,J091147.0+315102,09 11 47.01,+31 51 02.0,16.4,,19.8,2,SDSS J091147.02+315101.8,,Simbad,336
09 12 45.9400,-03 49 16.000,,J091245.9-034916,09 12 45.94,-03 49 16.0,14.8,,,1,CSS110114:091246-034916,,Simbad,337
09 14 53.5900,+11 34 01.800,,J091453.6+113402,09 14 53.59,+11 34 01.8,15.9,,,2,CSS081107:091454+113402,,Simbad,338
09 15 51.6800,+09 00 49.600,,J091551.6+090049,09 15 51.68,+09 00 49.6,12.8,,15.9,13,GZ Cnc,,Simbad,339
09 15 58.3600,-30 47 26.500,,J091558.4-304726,09 15 58.36,-30 47 26.5,17.2,,,1,SSS110406:091558-304726,,Simbad,340
09 16 34.6400,+13 03 57.800,,J091634.6+130358,09 16 34.64,+13 03 57.8,18.5,,21.5,5,CSS100313:091635+130358,,Simbad,341
09 16 50.7200,+28 49 43.300,,J091650.7+284943,09 16 50.72,+28 49 43.3,14.9,,18.1,1,HH Cnc,I,Simbad,342
09 19 36.5700,-05 55 18.900,,J091936.6-055519,09 19 36.57,-05 55 18.9,16.3,,21.3,4,CSS110114:091937-055519,III,Simbad,343
09 21 22.7900,+20 38 58.100,,J092122.8+203858,09 21 22.79,+20 38 58.1,17.4,,20.1,2,SDSS J092122.84+203857.1,I,Simbad,344
09 21 50.5300,-29 57 36.500,,J092150.5-295736,09 21 50.53,-29 57 36.5,16.0,,,1,SSS110515:092151-295737,,Simbad,345
09 22 48.7900,-04 24 26.200,,J092248.8-042426,09 22 48.79,-04 24 26.2,16.4,,19.7,3,CSS100414:092249-042426,,Simbad,346
09 28 39.3300,+00 59 44.800,,J092839.3+005945,09 28 39.33,+00 59 44.8,17.1,>,21.2,1,CSS110212:092839+005945,,Simbad,347
09 29 48.4500,-31 06 02.500,,J092948.4-310602,09 29 48.45,-31 06 02.5,17.9,,,1,SSS120111:092948-310602,,Simbad,348
09 29 52.1800,-32 01 02.700,,J092952.2-320103,09 29 52.18,-32 01 02.7,17.1,,,1,SSS110406:092952-320103,,Simbad,349
09 34 57.9800,-36 10 36.000,,J093458.0-361036,09 34 57.98,-36 10 36.0,17.9,,,1,SSS120213:093458-361036,,Simbad,350
09 39 59.4300,-20 32 48.400,,J093959.4-203248,09 39 59.43,-20 32 48.4,16.3,,19.1,1,SSS110627:093959-203248,,Simbad,351
09 41 58.5100,-25 07 05.000,,J094158.5-250705,09 41 58.51,-25 07 05.0,15.9,>,21.3,1,SSS110407:094159-250705,,Simbad,352
09 42 52.2800,-19 36 52.200,,J094252.3-193652,09 42 52.28,-19 36 52.2,15.2,,19.5,2,CSS090117:094252-193652,,Simbad,353
09 43 25.8800,+52 01 28.800,,J094325.8+520128,09 43 25.88,+52 01 28.8,16.1,,18.7,2,SDSS J094325+520128,,Simbad,354
09 43 27.2800,-27 20 38.500,X,J094327.3-272039,09 43 27.28,-27 20 38.5,13.0,,18.6,1,SSS111226:094327-272039,,Simbad,355
09 46 36.5700,+44 46 45.500,,J094636.5+444645,09 46 36.57,+44 46 45.5,14.3,,18.8,3,DV UMa,,Simbad,356
09 48 24.7900,+20 43 33.200,,J094824.9+204333,09 48 24.79,+20 43 33.2,18.5,,,1,CSS110501:094825+204333,III,Simbad,357
09 48 39.9500,-34 51 37.500,,J094840.0-345138,09 48 39.95,-34 51 37.5,14.3,,18.1,4,SSS100621:094840-345138,,Simbad,358
09 48 51.3200,-12 16 31.800,,J094851.3-121632,09 48 51.32,-12 16 31.8,16.3,>,21.3,1,CSS100219:094851-121632,,Simbad,359
09 48 53.9600,+01 49 10.800,,J094854.0+014911,09 48 53.96,+01 49 10.8,15.6,>,20.7,2,CSS120315:094854+014911,,Simbad,360
09 50 29.7400,-23 45 17.500,,J095029.7-234518,09 50 29.74,-23 45 17.5,14.4,,16.9,1,AG Hya,,Simbad,361
09 51 01.4600,+11 52 31.200,,J095101.5+115231,09 51 01.46,+11 52 31.2,12.4,,15.6,4,X Leo,,Simbad,362
09 53 08.2200,+14 58 36.600,,J095308.2+145837,09 53 08.22,+14 58 36.6,17.2,,19.1,1,RX J0953.1+1458,,Simbad,363
09 56 23.1000,-09 36 14.900,,J095623.1-093615,09 56 23.10,-09 36 14.9,16.3,,,1,CSS090430:095623-093615,,Simbad,364
09 56 51.9700,-33 12 16.100,,J095652.0-331216,09 56 51.97,-33 12 16.1,16.2,,18.3,1,SSS120111:095652-331216,,Simbad,365
09 58 58.5900,-28 21 53.800,,J095858.6-282154,09 58 58.59,-28 21 53.8,16.7,>,20.4,1,SSS100511:095859-282154,,Simbad,366
09 59 26.4500,-16 01 47.400,,J095926.4-160147,09 59 26.45,-16 01 47.4,14.5,,19.2,2,CSS110226:095926-160147,,Simbad,367
09 59 34.6000,-35 47 17.500,,J095934.6-354718,09 59 34.60,-35 47 17.5,17.5,,,2,SSS110223:095935-354718,,Simbad,368
10 00 29.7700,-17 28 52.300,,J100029.8-172852,10 00 29.77,-17 28 52.3,16.3,,,2,CSS090429:100030-172852,,Simbad,369
10 05 15.3700,+19 11 07.900,,J100515.4+191108,10 05 15.37,+19 11 07.9,12.7,,18.1,1,SDSS J100515.38+191107.9,I,Simbad,370
10 06 58.4000,+23 37 24.300,,J100658.4+233724,10 06 58.40,+23 37 24.3,15.1,,17.9,4,SDSS J100658.40+233724.4,I,Simbad,371
10 07 01.2000,-39 40 54.300,,J100701.2-394054,10 07 01.20,-39 40 54.3,18.8,,,1,SSS110429:100701-394054,,Simbad,372
10 07 01.4100,-39 39 08.000,,J100701.4-393908,10 07 01.41,-39 39 08.0,19.1,,,1,SSS100704:100701-393908,,Simbad,373
10 10 08.7600,-05 37 34.800,,J101008.8-053735,10 10 08.76,-05 37 34.8,15.0,,,2,SSS100518:101009-053735,,Simbad,374
10 10 31.1600,-09 38 10.800,,J101031.2-093811,10 10 31.16,-09 38 10.8,16.5,>,20.4,1,CSS110306:101031-093811,,Simbad,375
10 10 35.5000,+14 02 38.500,,J101035.5+140239,10 10 35.50,+14 02 38.5,17.1,,18.1,1,MLS110305:101036+140239,,Simbad,376
10 12 17.3500,-18 24 10.800,,J101217.3-182411,10 12 17.35,-18 24 10.8,17.5,,19.2,2,SSS110203:101217-182411,,Simbad,377
10 12 33.8600,+07 46 50.500,,J101233.9+074651,10 12 33.86,+07 46 50.5,15.2,,18.9,4,CSS110311:101234+074651,,Simbad,378
10 14 33.8600,-36 49 20.600,,J101433.9-364921,10 14 33.86,-36 49 20.6,17.0,,,1,SSS100704:101434-364921,,Simbad,379
10 15 45.8800,+03 33 11.800,,J101545.9+033312,10 15 45.88,+03 33 11.8,15.1,,17.5,1,CSS090429:101546+033312,,Simbad,380
10 18 53.5100,-40 06 43.500,,J101853.5-400644,10 18 53.51,-40 06 43.5,15.0,,18.6,2,SSS120320:101854-400644,,Simbad,381
10 19 47.2700,+33 57 54.200,,J101947.3+335754,10 19 47.27,+33 57 54.2,15.0,,18.0,1,AC LMi,I,Simbad,382
10 20 18.6100,-30 00 35.300,,J102018.6-300035,10 20 18.61,-30 00 35.3,19.4,,,1,SSS110628:102019-300035,,Simbad,383
10 20 26.5700,+53 04 33.200,,J102026.5+530433,10 20 26.57,+53 04 33.2,13.4,,16.5,3,KS UMa,,Simbad,384
10 20 42.1600,-33 50 02.400,,J102042.2-335002,10 20 42.16,-33 50 02.4,14.5,,17.2,2,SSS120215:102042-335002,,Simbad,385
10 20 53.8000,-45 17 32.900,,J102053.8-451733,10 20 53.80,-45 17 32.9,18.0,,,1,SSS120425:102054-451733,,Simbad,386
10 23 20.2900,+44 05 10.000,,J102320.3+440510,10 23 20.29,+44 05 10.0,15.0,,18.7,1,NSV 4838,I,Simbad,387
10 25 22.2100,-15 42 21.700,,J102522.2-154222,10 25 22.21,-15 42 21.7,12.7,,19.0,3,ASAS J102522-1542.4,,Simbad,388
10 25 44.9700,-09 25 15.100,,J102545.0-092515,10 25 44.97,-09 25 15.1,19.2,,,1,CSS110311:102545-092515,,Simbad,389
10 26 16.0400,+19 20 44.800,,J102616.0+192045,10 26 16.04,+19 20 44.8,14.8,,20.0,4,CSS101130:102616+192045,,Simbad,390
10 26 37.0400,+47 54 26.300,,J102637.0+475426,10 26 37.04,+47 54 26.3,14.8,,19.2,1,SDSS J102637.04+475426.3,,Simbad,391
10 27 05.8300,-43 43 41.300,,J102705.8-434341,10 27 05.83,-43 43 41.3,15.1,,18.5,2,SSS110314:102706-434341,,Simbad,392
10 28 42.8700,-08 19 26.600,,J102842.9-081927,10 28 42.87,-08 19 26.6,14.7,,18.2,6,CSS090331:102843-081927,VIII,Simbad,393
10 29 37.7100,+41 40 46.400,,J102937.7+414046,10 29 37.71,+41 40 46.4,16.9,,,5,CSS080305:102938+414046,,Simbad,394
10 31 09.0700,-35 01 50.300,,J103109.1-350150,10 31 09.07,-35 01 50.3,18.0,,,1,SSS110101:103109-350150,,Simbad,395
10 31 30.2100,-42 33 42.700,,J103130.2-423343,10 31 30.21,-42 33 42.7,16.8,,,1,SSS110405:103130-423343,,Simbad,396
10 31 47.9900,+08 52 24.500,,J103148.0+085224,10 31 47.99,+08 52 24.5,15.5,,18.3,7,SDSS J103147.99+085224.3,I,Simbad,397
10 33 17.2500,+07 21 18.700,,J103317.3+072119,10 33 17.25,+07 21 18.7,14.0,,19.4,2,CSS080208:103317+072119,,Simbad,398
10 35 49.6200,-42 46 09.800,,J103549.6-424610,10 35 49.62,-42 46 09.8,16.5,,,1,SSS110125:103550-424610,,Simbad,399
10 37 04.5900,+10 02 24.100,,J103704.6+100224,10 37 04.59,+10 02 24.1,21.6,,,2,MLS101214:103705+100224,,Simbad,400
10 37 38.6500,+12 42 50.200,,J103738.6+124250,10 37 38.65,+12 42 50.2,16.8,,21.3,2,CSS090516:103739+124250,,Simbad,401
10 39 46.9900,-05 06 57.900,,J103947.0-050658,10 39 46.99,-05 06 57.9,16.4,,20.2,4,YY Sex,XII,Simbad,402
10 40 51.2300,+15 11 33.800,,J104051.2+151134,10 40 51.23,+15 11 33.8,15.4,,17.1,5,DO Leo,I,Simbad,403
10 44 11.4300,+21 13 07.100,X,J104411.4+211307,10 44 11.43,+21 13 07.1,12.6,,19.4,2,CSS100217:104411+211307,,Simbad,404
10 45 32.1100,-32 03 35.000,,J104532.1-320335,10 45 32.11,-32 03 35.0,16.4,,,1,SSS101111:104532-320335,,Simbad,405
10 47 14.4200,-37 00 51.500,,J104714.4-370052,10 47 14.42,-37 00 51.5,17.1,,,2,SSS100708:104714-370052,,Simbad,406
10 47 32.1500,-46 37 26.800,,J104732.1-463727,10 47 32.15,-46 37 26.8,15.6,,18.9,1,SSS120119:104732-463727,,Simbad,407
10 51 22.8100,+67 25 27.800,,J105122.8+672528,10 51 22.81,+67 25 27.8,15.0,,18.5,1,CSS120101:105123+672528,,Simbad,408
10 52 15.2600,-06 43 26.500,,J105215.3-064326,10 52 15.26,-06 43 26.5,15.5,,19.0,3,CSS100408:105215-064326,,Simbad,409
10 54 42.3800,-31 20 46.100,,J105442.4-312046,10 54 42.38,-31 20 46.1,18.3,,,1,SSS110414:105442-312046,,Simbad,410
10 55 06.9900,+36 59 45.700,,J105507.0+365946,10 55 06.99,+36 59 45.7,17.3,,,2,EL UMa,,Simbad,411
10 55 50.0800,+09 56 20.500,,J105550.1+095621,10 55 50.08,+09 56 20.5,14.1,,17.8,4,CSS080130:105550+095621,I,Simbad,412
10 56 57.0700,+49 41 18.700,,J105657.1+494119,10 56 57.07,+49 41 18.7,12.7,,17.0,3,CY UMa,I,Simbad,413
10 56 58.2200,+39 42 39.100,,J105658.2+394239,10 56 58.22,+39 42 39.1,18.5,,19.6,6,CSS111229:105658+394239,,Simbad,414
10 58 35.0700,+05 47 06.400,,J105835.1+054706,10 58 35.07,+05 47 06.4,15.1,,20.4,1,CSS081025:105835+054706,,Simbad,415
10 58 43.4300,-43 32 33.200,,J105843.4-433233,10 58 43.43,-43 32 33.2,14.4,,19.7,1,SSS120509:105843-433233,,Simbad,416
11 00 14.7300,+13 15 52.100,,J110014.7+131552,11 00 14.73,+13 15 52.1,14.6,,18.8,5,SDSS J110014.72+131552.1,I,Simbad,417
11 02 59.0600,+41 45 21.500,,J110259.1+414522,11 02 59.06,+41 45 21.5,18.5,,,1,CSS101128:110259+414522,,Simbad,418
11 04 56.5600,-31 29 14.300,,J110456.6-312914,11 04 56.56,-31 29 14.3,15.5,,,1,SSS120514:110457-312914,,Simbad,419
11 07 03.0600,-43 31 45.900,,J110703.1-433146,11 07 03.06,-43 31 45.9,16.5,,20.3,2,SSS110528:110703-433146,,Simbad,420
11 09 37.5900,+50 39 29.200,,J110937.6+503929,11 09 37.59,+50 39 29.2,17.4,,,1,CSS120323:110938+503929,,Simbad,421
11 10 18.9600,-05 22 18.200,,J111019.0-052218,11 10 18.96,-05 22 18.2,15.4,,19.9,2,CSS090430:111019-052218,,Simbad,422
11 11 26.8700,+57 12 38.900,,J111126.9+571239,11 11 26.87,+57 12 38.9,15.7,,,1,CSS120422:111127+571239,VI,Simbad,423
11 14 42.7300,-42 35 37.200,,J111442.7-423537,11 14 42.73,-42 35 37.2,16.8,,,2,SSS110528:111443-423537,,Simbad,424
11 19 52.6400,-42 12 53.600,,J111952.6-421254,11 19 52.64,-42 12 53.6,17.2,,,1,SSS120323:111953-421254,,Simbad,425
11 22 53.3300,-11 10 37.200,,J112253.3-111037,11 22 53.33,-11 10 37.2,14.3,>,20.4,1,CSS100603:112253-111037,VII,Simbad,426
11 23 32.0400,+43 17 17.500,,J112332.0+431717,11 23 32.04,+43 17 17.5,16.4,,19.8,2,CSS090602:112332+431717,,Simbad,427
11 24 51.9000,-35 54 36.500,,J112451.9-355437,11 24 51.90,-35 54 36.5,11.9,,15.5,1,V0442 Cen,,Simbad,428
11 25 09.6800,+23 10 36.200,,J112509.7+231036,11 25 09.68,+23 10 36.2,15.9,,19.2,3,CSS110226:112510+231036,,Simbad,429
11 26 33.9800,-10 02 10.200,,J112634.0-100210,11 26 33.98,-10 02 10.2,16.0,,18.5,1,CSS080227:112634-100210,XIII,Simbad,430
11 26 44.0900,-38 28 43.800,,J112644.1-382844,11 26 44.09,-38 28 43.8,18.2,,,1,SSS110528:112644-382844,,Simbad,431
11 27 48.7300,-05 42 33.900,,J112748.7-054234,11 27 48.73,-05 42 33.9,17.8,,,7,CSS110225:112749-054234,,Simbad,432
11 28 15.3600,-34 48 07.400,,J112815.4-344807,11 28 15.36,-34 48 07.4,15.0,,18.8,2,SSS110327:112815-344807,,Simbad,433
11 30 33.2500,-49 22 06.100,,J113033.2-492206,11 30 33.25,-49 22 06.1,17.2,,,1,SSS120323:113033-492206,,Simbad,434
11 31 22.4000,+43 22 38.000,,J113122.4+432237,11 31 22.40,+43 22 38.0,13.0,,15.1,5,SDSS 113122,,Simbad,435
11 32 19.0000,-21 39 43.400,,J113219.0-213943,11 32 19.00,-21 39 43.4,15.5,>,20.8,1,SSS110509:113219-213943,,Simbad,436
11 37 08.6200,+51 34 50.900,,J113708.6+513451,11 37 08.62,+51 34 50.9,17.5,,19.8,2,ROTSE3 J113709.0+513451.1,,Simbad,437
11 39 09.7900,-42 00 45.000,,J113909.8-420045,11 39 09.79,-42 00 45.0,17.4,,,1,SSS110429:113910-420045,,Simbad,438
11 39 50.5900,+45 58 18.200,,J113950.6+455818,11 39 50.59,+45 58 18.2,15.2,,19.4,2,NSV 5285,,Simbad,439
11 41 58.9800,-13 42 03.400,,J114159.0-134203,11 41 58.98,-13 42 03.4,18.4,,,2,CSS100414:114159-134203,,Simbad,440
11 43 07.6900,-29 08 26.300,,J114307.7-290826,11 43 07.69,-29 08 26.3,17.6,,,1,SSS110723:114308-290826,,Simbad,441
11 45 21.1800,-04 26 05.900,,J114521.2-042606,11 45 21.18,-04 26 05.9,12.5,,16.1,4,TW Vir,,Simbad,442
11 46 38.5800,-41 35 44.700,,J114638.6-413545,11 46 38.58,-41 35 44.7,17.1,,,1,SSS120530:114639-413545,,Simbad,443
11 53 30.2300,+31 58 36.000,,J115330.2+315836,11 53 30.23,+31 58 36.0,17.4,,,5,CSS080201:115330+315836,,Simbad,444
11 59 03.8600,-06 58 41.600,,J115903.9-065842,11 59 03.86,-06 58 41.6,14.5,,18.6,2,CSS110116:115904-065842,,Simbad,445
12 00 52.9300,-15 26 20.300,,J120052.9-152620,12 00 52.93,-15 26 20.3,13.8,,18.7,3,CSS110205:120053-152620,,Simbad,446
12 04 47.0000,-36 40 31.400,,J120447.0-364031,12 04 47.00,-36 40 31.4,14.2,,,8,SSS120626:120447-364031,,Simbad,447
12 06 19.8400,-03 28 38.300,,J120619.8-032838,12 06 19.84,-03 28 38.3,16.6,,20.2,1,CSS120202:120620-032838,,Simbad,448
12 11 19.1400,-08 39 57.100,,J121119.1-083957,12 11 19.14,-08 39 57.1,14.8,,17.9,3,CSS110205:121119-083957,,Simbad,449
12 11 47.9500,-35 21 59.200,,J121148.0-352159,12 11 47.95,-35 21 59.2,15.4,,18.0,1,SSS120204:121148-352159,,Simbad,450
12 16 52.5500,-40 02 35.400,,J121652.5-400235,12 16 52.55,-40 02 35.4,17.4,,,1,SSS110313:121653-400235,,Simbad,451
12 18 10.5900,-42 16 22.500,,J121810.6-421622,12 18 10.59,-42 16 22.5,17.3,,,1,SSS120223:121811-421622,,Simbad,452
12 20 59.7700,-10 27 35.100,,J122059.8-102735,12 20 59.77,-10 27 35.1,16.5,,19.3,3,CSS080324:122060-102735,,Simbad,453
12 21 20.3400,-30 25 21.900,,J122120.3-302522,12 21 20.34,-30 25 21.9,16.3,>,21.8,1,SSS110622:122120-302522,,Simbad,454
12 24 43.2900,-41 01 58.500,,J122443.3-410158,12 24 43.29,-41 01 58.5,17.2,,19.0,1,SSS120215:122443-410158,,Simbad,455
12 27 40.8900,+51 39 25.300,,J122740.8+513925,12 27 40.89,+51 39 25.3,15.4,,18.8,4,J1227+5139,,Simbad,456
12 29 38.0100,-29 16 53.900,,J122938.0-291654,12 29 38.01,-29 16 53.9,16.7,,18.2,1,SSS120224:122938-291654,,Simbad,457
12 30 35.0800,-38 48 23.400,,J123035.1-384823,12 30 35.08,-38 48 23.4,15.7,>,20.2,1,SSS120322:123035-384823,,Simbad,458
12 38 33.6500,+03 18 54.400,,J123833.6+031854,12 38 33.65,+03 18 54.4,18.1,,21.3,1,CSS090615:123834+031854,,Simbad,459
12 40 27.4200,-15 05 58.100,,J124027.4-150558,12 40 27.42,-15 05 58.1,18.4,,,2,CSS071218:124027-150558,,Simbad,460
12 43 28.2700,-05 54 30.800,,J124328.3-055431,12 43 28.27,-05 54 30.8,19.4,,,1,GUVV J124328.2-055431.7,,Simbad,461
12 44 17.8800,+30 04 01.200,,J124417.9+300401,12 44 17.88,+30 04 01.2,15.0,,18.4,2,CSS080427:124418+300401,XIII,Simbad,462
12 45 07.7900,-38 13 22.100,,J124507.8-381322,12 45 07.79,-38 13 22.1,12.7,,17.9,3,SSS110525:124508-381322,,Simbad,463
12 46 02.0300,-20 23 02.400,,J124602.0-202302,12 46 02.03,-20 23 02.4,15.7,,18.1,3,WILS_SDSS J124602.02-202302.4,X,Simbad,464
12 47 19.0700,+01 38 43.100,,J124719.1+013843,12 47 19.07,+01 38 43.1,17.6,>,21.8,2,SDSS J124719.03+013842.6,,Simbad,465
12 48 19.3700,+07 20 49.900,,J124819.4+072050,12 48 19.37,+07 20 49.9,16.8,,21.0,1,SDSS J124819.36+072049.4,,Simbad,466
12 55 42.9000,-34 21 05.000,,J125542.9-342105,12 55 42.90,-34 21 05.0,14.9,,18.7,1,SSS120528:125543-342105,,Simbad,467
12 56 37.1300,+26 36 43.300,,J125637.1+263643,12 56 37.13,+26 36 43.3,13.7,,18.1,3,GO Com,,Simbad,468
12 59 00.8300,-13 34 41.700,,J125900.8-133442,12 59 00.83,-13 34 41.7,15.7,,20.3,1,SSS120721:125901-133442,,Simbad,469
12 59 05.7800,+24 26 34.400,,J125905.8+242634,12 59 05.78,+24 26 34.4,17.2,,,1,GUVV J125905.7+242632.9,,Simbad,470
12 59 19.8800,-05 56 01.300,,J125919.9-055601,12 59 19.88,-05 56 01.3,20.0,>,22.0,2,MLS120329:125920-055601,,Simbad,471
13 00 17.8600,-32 58 05.100,,J130017.9-325805,13 00 17.86,-32 58 05.1,15.7,>,21.7,2,SSS120318:130018-325805,,Simbad,472
13 00 24.3800,-07 17 47.000,,J130024.4-071747,13 00 24.38,-07 17 47.0,18.7,,21.5,3,CSS090417:130024-071747,,Simbad,473
13 00 30.3200,+11 51 01.400,,J130030.3+115101,13 00 30.32,+11 51 01.4,14.0,,19.7,1,CSS080702:130030+115101,,Simbad,474
13 05 14.7800,+58 28 55.500,,J130514.7+582855,13 05 14.78,+58 28 55.5,16.9,,20.5,3,SDSS J130514+582856,,Simbad,475
13 05 47.6900,-36 03 01.300,,J130547.7-360301,13 05 47.69,-36 03 01.3,16.6,,,1,SSS120814:130548-360301,,Simbad,476
13 07 55.1300,-20 26 28.200,,J130755.1-202628,13 07 55.13,-20 26 28.2,14.3,,18.4,1,CSS120304:130755-202628,,Simbad,477
13 10 28.6500,+32 20 43.700,,J131028.6+322043,13 10 28.65,+32 20 43.7,15.2,,18.4,1,AU CVn,,Simbad,478
13 10 42.6800,-04 26 00.500,,J131042.7-042600,13 10 42.68,-04 26 00.5,17.7,,20.6,1,CSS120313:131043-042600,,Simbad,479
13 11 03.5300,-41 46 22.000,,J131103.5-414622,13 11 03.53,-41 46 22.0,13.6,,,1,SSS110423:131104-414622,,Simbad,480
13 12 44.7200,-06 40 47.500,,J131244.7-064048,13 12 44.72,-06 40 47.5,20.7,,21.8,3,MLS100313:131245-064047,III,Simbad,481
13 15 14.3700,+42 47 46.900,,J131514.4+424747,13 15 14.37,+42 47 46.9,16.3,,18.6,1,CSS120317:131514+424747,,Simbad,482
13 16 25.6800,-15 13 13.500,,J131625.7-151313,13 16 25.68,-15 13 13.5,15.9,,,4,CSS080427:131626-151313,,Simbad,483
13 21 03.1800,+01 53 29.200,,J132103.2+015329,13 21 03.18,+01 53 29.2,14.1,,19.1,2,HV Vir,XI,Simbad,484
13 24 10.8600,-36 37 01.100,,J132410.9-363701,13 24 10.86,-36 37 01.1,17.4,>,20.6,1,SSS110403:132411-363701,,Simbad,485
13 25 36.0200,+21 00 37.000,,J132536.0+210037,13 25 36.02,+21 00 37.0,16.8,,19.9,1,CSS090102:132536+210037,,Simbad,486
13 29 00.9000,-36 58 58.600,,J132900.9-365859,13 29 00.90,-36 58 58.6,16.3,,,1,SSS110403:132901-365859,,Simbad,487
13 39 41.1600,+48 47 28.200,,J133941.1+484728,13 39 41.16,+48 47 28.2,15.1,,17.3,1,SDSS_133941,,Simbad,488
13 40 14.9200,-35 05 12.400,,J134014.9-350512,13 40 14.92,-35 05 12.4,15.9,,18.4,1,SSS120402:134015-350512,,Simbad,489
13 40 52.0600,+15 13 41.000,,J134052.1+151341,13 40 52.06,+15 13 41.0,14.5,,18.0,1,CSS100531:134052+151341,II,Simbad,490
13 43 05.6200,+52 08 43.400,,J134305.6+520843,13 43 05.62,+52 08 43.4,18.8,,,1,CSS110610:134306+520843,III,Simbad,491
13 43 29.7100,-20 32 34.700,,J134329.7-203235,13 43 29.71,-20 32 34.7,15.4,,21.5,1,SSS110509:134330-203235,,Simbad,492
13 44 28.7600,-21 29 25.800,,J134428.8-212926,13 44 28.76,-21 29 25.8,14.1,,18.0,1,CSS100414:134429-212926,,Simbad,493
13 44 47.2900,-09 11 18.400,,J134447.3-091118,13 44 47.29,-09 11 18.4,18.9,,,1,CSS100601:134447-091118,,Simbad,494
13 51 43.5200,-44 30 19.500,X,J135143.5-443020,13 51 43.52,-44 30 19.5,15.8,,,1,SSS120424:135144-443020,,Simbad,495
13 52 18.9800,+28 09 17.200,,J135219.0+280917,13 52 18.98,+28 09 17.2,17.2,,,2,CSS090705:135219+280917,,Simbad,496
13 54 18.8400,+27 36 03.000,,J135418.8+273603,13 54 18.84,+27 36 03.0,15.8,,,2,CSS120610:135419+273603,III,Simbad,497
13 54 48.6000,-31 06 49.900,,J135448.6-310650,13 54 48.60,-31 06 49.9,18.4,,,1,SSS120806:135449-310650,,Simbad,498
13 55 48.7400,-32 37 21.700,,J135548.7-323722,13 55 48.74,-32 37 21.7,17.5,,,3,SSS100618:135549-323722,,Simbad,499
13 57 16.8200,-09 32 38.500,,J135716.8-093238,13 57 16.82,-09 32 38.5,16.3,,21.6,1,110208:135717-093238,III,Simbad,500
13 59 15.2100,-39 14 51.500,X,J135915.2-391452,13 59 15.21,-39 14 51.5,14.0,,18.7,1,SSS110724:135915-391452,,Simbad,501
14 04 53.9800,-10 27 02.000,,J140454.0-102702,14 04 53.98,-10 27 02.0,15.0,,19.4,2,SEKBO 106646.2532,,Simbad,502
14 10 02.2100,-12 48 08.800,,J141002.2-124809,14 10 02.21,-12 48 08.8,16.1,,20.1,6,CSS080502:141002-124809,,Simbad,503
14 12 56.5500,-38 02 11.000,,J141256.6-380211,14 12 56.55,-38 02 11.0,17.5,>,20.6,1,SSS100512:141257-380211,,Simbad,504
14 15 17.8300,-35 27 44.100,,J141517.8-352744,14 15 17.83,-35 27 44.1,18.0,,,1,SSS110525:141518-352744,,Simbad,505
14 17 11.9800,-18 03 27.700,,J141712.0-180328,14 17 11.98,-18 03 27.7,15.1,,19.9,3,CSS080425:141712-180328,,Simbad,506
14 18 27.9300,-11 22 41.600,,J141827.9-112242,14 18 27.93,-11 22 41.6,18.8,,,1,MLS110102:141828-112242,,Simbad,507
14 18 49.5800,-24 33 04.900,,J141849.6-243305,14 18 49.58,-24 33 04.9,15.3,,19.9,2,SSS100717:141850-243305,,Simbad,508
14 20 21.3400,-37 20 38.700,,J142021.3-372039,14 20 21.34,-37 20 38.7,15.0,,19.0,2,SSS110327:142021-372039,,Simbad,509
14 25 48.0500,+15 15 01.800,,J142548.1+151502,14 25 48.05,+15 15 01.8,17.5,,,2,CSS110628:142548+151502,,Simbad,510
14 25 51.8100,-44 04 08.800,,J142551.8-440409,14 25 51.81,-44 04 08.8,15.7,,,1,SSS110704:142552-440409,,Simbad,511
14 27 14.3600,-38 31 13.900,,J142714.4-383114,14 27 14.36,-38 31 13.9,16.2,,,1,SSS120810:142714-383114,,Simbad,512
14 29 18.7600,-28 26 59.000,,J142918.8-282659,14 29 18.76,-28 26 59.0,17.7,,,1,SSS120420:142919-282659,,Simbad,513
14 30 01.7100,-40 23 34.000,,J143001.7-402334,14 30 01.71,-40 23 34.0,17.2,,,1,SSS110603:143002-402334,,Simbad,514
14 31 43.0500,-03 25 20.500,,J143143.1-032520,14 31 43.05,-03 25 20.5,18.1,,21.0,2,CSS080425:143143-032520,,Simbad,515
14 31 45.3000,-35 52 04.500,,J143145.3-355205,14 31 45.30,-35 52 04.5,13.1,,17.2,1,SSS120424:143145-355205,,Simbad,516
14 33 10.5700,-34 28 06.500,,J143310.6-342807,14 33 10.57,-34 28 06.5,16.2,,19.0,1,SSS120527:143311-342807,,Simbad,517
14 35 00.2300,-00 46 06.300,,J143500.2-004606,14 35 00.23,-00 46 06.3,15.2,,17.9,2,OU Vir,XI,Simbad,518
14 38 42.3300,-38 15 12.400,,J143842.3-381512,14 38 42.33,-38 15 12.4,14.9,>,20.5,1,SSS100512:143842-381512,,Simbad,519
14 40 11.0400,+49 47 33.800,,J144011.0+494734,14 40 11.04,+49 47 33.8,15.7,,,2,CSS090530:144011+494734,,Simbad,520
14 40 38.1200,-22 14 09.600,,J144038.1-221410,14 40 38.12,-22 14 09.6,17.2,,19.4,1,CSS090531:144038-221410,,Simbad,521
14 40 41.3800,-32 12 02.500,,J144041.4-321202,14 40 41.38,-32 12 02.5,17.5,,,2,SSS100704:144041-321202,,Simbad,522
14 42 52.0200,-22 50 39.700,,J144252.0-225040,14 42 52.02,-22 50 39.7,14.8,,,1,CSS120417:144252-225040,,Simbad,523
14 43 16.5300,-01 02 22.100,,J144316.5-010222,14 43 16.53,-01 02 22.1,16.7,,21.9,2,CSS100115:144317-010222,,Simbad,524
14 43 41.9200,-17 55 50.000,,J144341.9-175550,14 43 41.92,-17 55 50.0,13.6,,19.6,1,CSS090418:144342-175550,,Simbad,525
14 44 53.0600,-13 11 18.000,,J144453.1-131118,14 44 53.06,-13 11 18.0,14.4,,20.3,1,CSS120424:144453-131118,,Simbad,526
14 45 31.8400,-31 17 41.000,,J144531.8-311741,14 45 31.84,-31 17 41.0,17.2,,,2,SSS120529:144532-311741,,Simbad,527
14 45 46.6700,-06 00 34.100,,J144546.7-060034,14 45 46.67,-06 00 34.1,16.6,,19.7,1,CSS120229:144547-060034,,Simbad,528
14 55 02.2300,+14 38 15.400,,J145502.2+143815,14 55 02.23,+14 38 15.4,15.5,,19.4,1,CSS100407:145502+143815,,Simbad,529
14 55 54.7000,-11 19 57.300,,J145554.7-111957,14 55 54.70,-11 19 57.3,16.9,,20.3,1,CSS120303:145555-111957,,Simbad,530
14 57 44.7600,+40 43 40.600,,J145744.8+404341,14 57 44.76,+40 43 40.6,13.3,,18.9,2,TT Boo,,Simbad,531
14 57 49.2500,-24 40 59.200,,J145749.3-244059,14 57 49.25,-24 40 59.2,17.6,,,1,CSS120622:145749-244059,,Simbad,532
14 58 42.4500,-26 58 34.100,,J145842.4-265834,14 58 42.45,-26 58 34.1,17.1,,,3,SSS100509:145842-265834,,Simbad,533
14 58 51.5900,-15 48 56.800,,J145851.6-154857,14 58 51.59,-15 48 56.8,15.7,,20.1,3,CSS110520:145852-154857,,Simbad,534
14 59 21.8400,+35 48 05.900,,J145921.8+354806,14 59 21.84,+35 48 05.9,15.5,,20.0,2,CSS110613:145922+354806,,Simbad,535
15 00 49.3100,-08 44 47.000,,J150049.3-084447,15 00 49.31,-08 44 47.0,15.2,,18.0,1,CSS120416:150049-084447,,Simbad,536
15 02 40.9400,+33 34 23.400,,J150240.9+333423,15 02 40.94,+33 34 23.4,14.2,,17.2,2,NZ Boo,I,Simbad,537
15 03 53.9900,-22 07 10.200,,J150354.0-220710,15 03 53.99,-22 07 10.2,16.8,>,20.0,5,CSS100216:150354-220711,,Simbad,538
15 10 20.7400,+18 23 02.500,,J151020.7+182303,15 10 20.74,+18 23 02.5,17.5,>,20.1,4,CSS080514:151021+182303,,Simbad,539
15 14 53.6200,+02 09 34.100,,J151453.6+020934,15 14 53.62,+02 09 34.1,15.8,,20.5,7,ROTSE3 J151453,,Simbad,540
15 18 36.0500,-05 48 03.200,,J151836.0-054803,15 18 36.05,-05 48 03.2,16.5,,20.0,1,CSS120330:151836-054803,,Simbad,541
15 20 37.8700,+04 09 47.700,,J152037.9+040948,15 20 37.87,+04 09 47.7,15.8,,,1,CSS110301:152038+040948,,Simbad,542
15 21 58.7600,+26 12 23.200,,J152158.8+261223,15 21 58.76,+26 12 23.2,16.2,,,1,CSS110406:152159+261223,,Simbad,543
15 23 51.2400,+08 36 06.300,,J152351.2+083606,15 23 51.24,+08 36 06.3,17.0,,19.2,1,CSS120617:152351+083606,,Simbad,544
15 24 19.3000,+22 09 20.300,,J152419.3+220920,15 24 19.30,+22 09 20.3,15.5,,18.7,2,SDSS J152419.33+220920.0,,Simbad,545
15 25 01.7600,-01 30 21.100,,J152501.8-013021,15 25 01.76,-01 30 21.1,16.7,>,20.1,1,CSS100506:152502-013021,,Simbad,546
15 25 06.8700,-03 26 54.900,X,J152506.9-032655,15 25 06.87,-03 26 54.9,15.6,,18.3,2,MLS120517:152507-032655,,Simbad,547
15 25 37.8400,-07 56 41.400,,J152537.8-075641,15 25 37.84,-07 56 41.4,17.8,,,2,CSS100706:152538-075641,,Simbad,548
15 26 13.9800,+08 18 01.900,,J152614.0+081802,15 26 13.98,+08 18 01.9,12.6,,17.7,3,QW Ser,I,Simbad,549
15 26 25.2000,-14 41 45.000,,J152625.2-144145,15 26 25.20,-14 41 45.0,15.1,,19.8,6,CSS090331:152625-144145,,Simbad,550
15 27 18.6100,-32 30 55.100,,J152718.6-323055,15 27 18.61,-32 30 55.1,17.5,,,1,SSS120519:152719-323055,,Simbad,551
15 27 30.7000,+18 17 27.200,,J152730.7+181727,15 27 30.70,+18 17 27.2,17.0,,19.8,1,CSS120101:152731+181727,,Simbad,552
15 28 57.8800,+03 49 11.800,,J152857.9+034912,15 28 57.88,+03 49 11.8,16.6,,19.4,2,SDSS J152857.86+034911.7,I,Simbad,553
15 30 15.0300,+09 49 46.400,,J153015.0+094946,15 30 15.03,+09 49 46.4,16.0,,18.7,7,SDSS J153015.04+094946.3,I,Simbad,554
15 30 23.6400,+22 06 46.200,,J153023.6+220646,15 30 23.64,+22 06 46.2,17.4,,19.4,3,CSS110920:153024+220646,,Simbad,555
15 31 50.8000,+15 24 46.800,,J153150.8+152447,15 31 50.80,+15 24 46.8,18.8,>,20.5,2,CSS080401:153151+152447,,Simbad,556
15 33 06.1200,-23 35 34.600,,J153306.1-233535,15 33 06.12,-23 35 34.6,16.5,,,0,SSS100504:153306-233535,,Simbad,557
15 34 51.1200,+07 29 30.600,,J153451.1+072931,15 34 51.12,+07 29 30.6,18.3,,,1,CSS120328:153451+072931,,Simbad,558
15 36 34.4100,+33 28 52.100,,J153634.4+332852,15 36 34.41,+33 28 52.1,15.4,,18.6,2,SDSS J153634.42+332851.9,I,Simbad,559
15 36 45.2300,-14 25 43.100,,J153645.2-142543,15 36 45.23,-14 25 43.1,17.0,,,1,SSS110721:153645-142543,,Simbad,560
15 38 08.1900,-18 38 01.600,,J153808.2-183802,15 38 08.19,-18 38 01.6,18.7,>,21.0,1,SSS100513:153808-183802,,Simbad,561
15 38 32.8100,-15 17 18.700,,J153832.8-151719,15 38 32.81,-15 17 18.7,16.5,,19.2,2,MLS120514:153833-151719,,Simbad,562
15 40 22.4600,+01 22 31.100,,J154022.5+012231,15 40 22.46,+01 22 31.1,18.8,,,1,CSS120127:154022+012231,,Simbad,563
15 43 34.6400,-35 59 06.000,,J154334.6-355906,15 43 34.64,-35 59 06.0,16.9,,,1,SSS120718:154335-355906,,Simbad,564
15 43 54.1100,-14 37 44.800,,J154354.1-143745,15 43 54.11,-14 37 44.8,18.0,,21.2,2,CSS100531:154354-143745,,Simbad,565
15 44 18.0500,+08 46 39.400,,J154418.0+084639,15 44 18.05,+08 46 39.4,18.5,,,2,CSS110205:154418+084639,,Simbad,566
15 44 28.1200,+33 57 24.900,,J154428.1+335725,15 44 28.12,+33 57 24.9,17.3,,,2,CSS090322:154428+335725,,Simbad,567
15 44 56.7500,-32 27 22.200,,J154456.7-322722,15 44 56.75,-32 27 22.2,14.7,,17.1,1,SSS120628:154457-322722,,Simbad,568
15 45 44.8900,+44 28 30.100,,J154544.9+442830,15 45 44.89,+44 28 30.1,15.2,,,1,CSS110428:154545+442830,,Simbad,569
15 48 17.5500,+15 32 21.300,,J154817.5+153221,15 48 17.55,+15 32 21.3,16.5,,19.9,1,SDSS J154817.56+153221.2,,Simbad,570
15 51 22.3300,-04 25 50.200,,J155122.3-042550,15 51 22.33,-04 25 50.2,17.2,,20.9,2,CSS110506:155122-042550,,Simbad,571
15 53 25.6700,+11 44 36.800,,J155325.7+114437,15 53 25.67,+11 44 36.8,17.7,,,4,CSS080424:155326+114437,,Simbad,572
15 54 30.5700,+36 50 42.700,,J155430.6+365043,15 54 30.57,+36 50 42.7,17.0,,,4,CSS081009:155431+365043,,Simbad,573
15 55 40.2500,+36 46 43.600,,J155540.2+364644,15 55 40.25,+36 46 43.6,16.0,,,1,SDSS J155540.19+364643.1,,Simbad,574
15 55 49.4800,-23 17 02.700,,J155549.5-231703,15 55 49.48,-23 17 02.7,17.0,,,1,SEKBO 106424.1762,,Simbad,575
15 56 30.9700,-08 04 40.500,,J155631.0-080440,15 56 30.97,-08 04 40.5,15.2,,18.1,5,CSS090321:155631-080440,,Simbad,576
15 56 44.2500,-00 09 50.400,,J155644.2-000950,15 56 44.25,-00 09 50.4,12.3,,18.3,2,J1556-0009,,Simbad,577
15 56 56.9600,+35 23 38.100,,J155656.9+352338,15 56 56.96,+35 23 38.1,16.4,,18.9,1,J1556+3523,,Simbad,578
15 57 48.0300,+07 05 43.000,,J155748.0+070543,15 57 48.03,+07 05 43.0,18.6,,,1,CSS100507:155748+070543,,Simbad,579
16 00 03.7100,+33 11 13.900,,J160003.7+331114,16 00 03.71,+33 11 13.9,14.5,,19.0,12,VW CrB,,Simbad,580
16 02 04.8000,+03 16 31.800,,J160204.8+031632,16 02 04.80,+03 16 31.8,17.1,,,10,CSS080331:160205+031632,,Simbad,581
16 02 32.1500,+16 17 32.500,,J160232.2+161732,16 02 32.15,+16 17 32.5,18.3,,,1,CSS080424:160232+161732,,Simbad,582
16 04 10.5600,+14 56 18.200,,J160410.6+145618,16 04 10.56,+14 56 18.2,16.6,,,1,CSS120326:160411+145618,,Simbad,583
16 04 19.0400,+16 15 49.000,,J160419.0+161549,16 04 19.04,+16 15 49.0,16.3,,19.2,3,SDSS J160419.02+161548.5,I,Simbad,584
16 05 24.1400,+06 08 15.800,,J160524.1+060816,16 05 24.14,+06 08 15.8,18.4,,,1,CSS080428:160524+060816,,Simbad,585
16 08 24.0400,+16 52 40.400,,J160824.0+165240,16 08 24.04,+16 52 40.4,15.0,>,20.4,1,CSS110921:160824+165240,,Simbad,586
16 08 44.7900,+22 06 10.000,,J160844.8+220610,16 08 44.79,+22 06 10.0,17.5,,,4,CSS080302:160845+220610,,Simbad,587
16 10 27.6300,+09 07 38.500,,J161027.6+090739,16 10 27.63,+09 07 38.5,13.9,,20.0,1,SDSS J161027.61+090738.4,I,Simbad,588
16 12 21.2700,-15 09 38.600,,J161221.3-150939,16 12 21.27,-15 09 38.6,15.9,,,2,CSS090526:161221-150939,,Simbad,589
16 13 04.3800,+01 21 24.800,,J161304.4+012125,16 13 04.38,+01 21 24.8,19.0,,,3,ROTSE3 J161304.4+012124.4,,Simbad,590
16 16 37.1800,-18 10 27.200,,J161637.2-181027,16 16 37.18,-18 10 27.2,14.7,,16.6,2,CSS100408:161637-181027,,Simbad,591
16 16 58.0000,-24 56 47.000,,J161658.0-245647,16 16 58.00,-24 56 47.0,18.9,,,1,SSS110506:161658-245647,,Simbad,592
16 18 22.7700,-10 25 00.400,,J161822.8-102500,16 18 22.77,-10 25 00.4,16.8,,20.5,1,CSS120301:161823-102500,,Simbad,593
16 18 50.7600,-05 25 08.600,,J161850.8-052509,16 18 50.76,-05 25 08.6,16.5,,,2,CSS080405:161851-052509,,Simbad,594
16 19 09.1000,+13 51 45.600,,J161909.1+135146,16 19 09.10,+13 51 45.6,15.2,,17.3,10,SDSS J161909.10+135145.5,I,Simbad,595
16 19 17.7100,-02 29 29.400,,J161917.7-022929,16 19 17.71,-02 29 29.4,14.3,,16.8,1,X Ser,,Simbad,596
16 20 12.0100,+11 52 57.100,,J162012.0+115257,16 20 12.01,+11 52 57.1,19.5,,20.8,1,CSS080415:162012+115257,,Simbad,597
16 22 09.6100,+36 04 18.600,,J162209.6+360419,16 22 09.61,+36 04 18.6,15.3,,18.9,1,CSS111019:162210+360419,,Simbad,598
16 22 35.7400,+03 52 46.500,,J162235.7+035247,16 22 35.74,+03 52 46.5,15.7,,,2,CSS090601:162236+035247,,Simbad,599
16 23 22.2300,+12 13 34.100,,J162322.2+121334,16 23 22.23,+12 13 34.1,17.2,,,0,CSS080606:162322+121334,III,Simbad,600
16 25 01.7200,+39 09 26.300,,J162501.7+390926,16 25 01.72,+39 09 26.3,12.7,,17.4,5,V0844 Her,I,Simbad,601
16 25 20.3100,+12 03 09.100,,J162520.3+120309,16 25 20.31,+12 03 09.1,13.1,,18.5,1,SDSS J162520.29+120308.7,I,Simbad,602
16 26 05.7100,+22 50 44.400,,J162605.7+225044,16 26 05.71,+22 50 44.4,18.4,,,3,CSS080514:162606+225044,,Simbad,603
16 26 19.8300,-12 55 56.500,,J162619.8-125557,16 26 19.83,-12 55 56.5,16.8,,20.3,1,CSS090419:162620-125557,,Simbad,604
16 26 56.8000,-00 25 48.600,,J162656.8-002549,16 26 56.80,-00 25 48.6,18.2,,,1,CSS080426:162657-002549,,Simbad,605
16 27 18.3900,+12 04 35.200,,J162718.4+120435,16 27 18.39,+12 04 35.2,14.8,,18.8,1,SDSS J162718.39+120435.0,,Simbad,606
16 28 06.1700,+06 53 15.500,,J162806.2+065316,16 28 06.17,+06 53 15.5,14.1,,20.2,1,CSS110611:162806+065316,,Simbad,607
16 28 30.8800,+24 02 59.300,,J162830.8+240259,16 28 30.88,+24 02 59.3,14.8,,20.2,7,SDSS J162830+240259,,Simbad,608
16 30 58.8500,+11 43 27.200,,J163058.9+114327,16 30 58.85,+11 43 27.2,17.4,,,1,CSS120419:163059+114327,,Simbad,609
16 31 20.8900,+10 31 33.900,,J163120.9+103134,16 31 20.89,+10 31 33.9,14.1,,18.1,5,CSS080505:163121+103134,III,Simbad,610
16 32 39.2700,+35 11 07.900,,J163239.3+351108,16 32 39.27,+35 11 07.9,18.0,>,20.8,1,CSS110507:163239+351108,V,Simbad,611
16 33 11.3500,-01 11 31.600,,J163311.3-011132,16 33 11.35,-01 11 31.6,17.8,,,1,CSS100601:163311-011132,,Simbad,612
16 33 24.9900,-16 54 26.700,,J163325.0-165427,16 33 24.99,-16 54 26.7,17.4,,20.3,1,SSS100927:163325-165427,,Simbad,613
16 33 31.6400,-02 04 10.400,,J163331.6-020410,16 33 31.64,-02 04 10.4,16.7,>,19.8,1,CSS090502:163332-020410,,Simbad,614
16 38 05.3900,+08 37 58.500,,J163805.4+083758,16 38 05.39,+08 37 58.5,15.3,,19.1,3,V0544 Her,,Simbad,615
16 38 23.7300,-09 17 19.600,,J163823.7-091720,16 38 23.73,-09 17 19.6,16.8,,,1,CSS120519:163824-091720,,Simbad,616
16 38 47.7400,+40 50 57.000,,J163847.7+405057,16 38 47.74,+40 50 57.0,16.7,,,3,CSS120322:163848+405057,,Simbad,617
16 39 42.7000,+12 24 14.400,,J163942.7+122414,16 39 42.70,+12 24 14.4,16.1,,19.4,5,CSS080131:163943+122414,II,Simbad,618
16 40 02.1400,+07 32 07.600,,J164002.1+073208,16 40 02.14,+07 32 07.6,17.8,,,3,CSS080513:164002+073208,,Simbad,619
16 40 17.8400,+08 08 22.600,,J164017.8+080823,16 40 17.84,+08 08 22.6,17.4,,20.9,2,CSS090711:164018+080823,,Simbad,620
16 41 46.7700,+12 10 25.800,,J164146.8+121026,16 41 46.77,+12 10 25.8,16.9,,,3,CSS080606:164147+121026,III,Simbad,621
16 43 54.4000,-13 15 25.100,,J164354.4-131525,16 43 54.40,-13 15 25.1,15.9,,20.8,1,CSS100507:164354-131525,III,Simbad,622
16 44 13.2500,+05 41 58.300,,J164413.3+054158,16 44 13.25,+05 41 58.3,16.8,,19.9,4,CSS090416:164413+054158,III,Simbad,623
16 44 49.4300,+19 59 40.400,,J164449.4+195940,16 44 49.43,+19 59 40.4,14.9,,20.0,2,V0611 Her,,Simbad,624
16 46 24.7800,+18 08 08.400,,J164624.8+180808,16 46 24.78,+18 08 08.4,17.7,,,1,CSS100616:164625+180808,,Simbad,625
16 47 47.9800,+43 38 45.000,,J164748.0+433845,16 47 47.98,+43 38 45.0,19.3,,,1,CSS100513:164748+433845,,Simbad,626
16 49 50.3800,+03 58 34.800,,J164950.4+035835,16 49 50.38,+03 58 34.8,14.6,,18.7,2,CSS100707:164950+035835,II,Simbad,627
16 50 02.7800,+43 56 15.700,,J165002.8+435616,16 50 02.78,+43 56 15.7,18.4,,,1,CSS090930:165003+435616,,Simbad,628
16 53 11.3800,-10 57 20.900,,J165311.4-105721,16 53 11.38,-10 57 20.9,18.5,,,1,CSS090617:165311-105721,,Simbad,629
16 53 58.9800,+20 10 10.400,,J165359.0+201010,16 53 58.98,+20 10 10.4,14.7,,,4,SDSS J165359.06+201010.4,I,Simbad,630
16 54 59.8900,-06 51 42.200,,J165459.9-065142,16 54 59.89,-06 51 42.2,18.7,,20.4,1,CSS090612:165500-065142,,Simbad,631
16 56 48.8800,+09 36 18.000,,J165648.9+093618,16 56 48.88,+09 36 18.0,17.8,>,20.3,2,CSS090722:165649+093618,,Simbad,632
16 57 40.9700,-05 56 24.600,,J165740.9-055625,16 57 40.97,-05 56 24.6,17.4,,19.5,3,120526:165741-055625 III,,Simbad,633
16 57 41.9400,-04 15 42.800,,J165741.9-041543,16 57 41.94,-04 15 42.8,17.1,,19.4,1,CSS120301:165742-041543,,Simbad,634
16 58 03.7400,+14 36 33.900,,J165803.7+143634,16 58 03.74,+14 36 33.9,16.7,>,20.1,1,CSS120621:165804+143634,,Simbad,635
16 58 17.7600,+02 56 38.900,,J165817.8+025639,16 58 17.76,+02 56 38.9,18.7,,21.9,1,CSS090421:165818+025639,,Simbad,636
16 58 56.1000,-00 54 03.400,,J165856.1-005403,16 58 56.10,-00 54 03.4,17.1,,,2,CSS100619:165856-005403,,Simbad,637
17 01 15.8100,-02 41 58.500,,J170115.8-024158,17 01 15.81,-02 41 58.5,17.6,>,22.1,1,CSS090612:170116-024158,,Simbad,638
17 01 51.5900,+13 21 30.600,,J170151.6+132131,17 01 51.59,+13 21 30.6,18.0,,19.6,5,CSS110426:170152+132131,II,Simbad,639
17 03 43.5500,+09 08 34.800,,J170343.5+090835,17 03 43.55,+09 08 34.8,14.5,,20.8,2,CSS090622:170344+090835,,Simbad,640
17 06 09.6800,+14 34 52.000,,J170609.7+143452,17 06 09.68,+14 34 52.0,14.8,,17.8,3,CSS090205:170610+143452,,Simbad,641
17 07 02.4600,+16 53 38.700,,J170702.5+165339,17 07 02.46,+16 53 38.7,16.7,,21.1,1,CSS090818:170702+165339,,Simbad,642
17 12 02.9300,+27 54 11.000,,J171202.9+275411,17 12 02.93,+27 54 11.0,17.2,,20.9,5,SDSS J171202.95+275411.0,,Simbad,643
17 12 23.0900,+36 25 15.800,,J171223.1+362516,17 12 23.09,+36 25 15.8,16.4,,,1,CSS090516:171223+362516,,Simbad,644
17 12 49.8900,+31 07 07.600,,J171249.9+310708,17 12 49.89,+31 07 07.6,15.8,,19.7,2,CSS120424:171250+310708,,Simbad,645
17 14 46.4500,+06 23 03.700,,J171446.5+062304,17 14 46.45,+06 23 03.7,17.7,,21.7,1,CSS110623:171446+062304,,Simbad,646
17 16 40.0600,+11 28 45.800,,J171640.1+112846,17 16 40.06,+11 28 45.8,18.1,,,1,CSS120619:171640+112846,,Simbad,647
17 18 08.0300,+13 19 06.700,,J171808.0+131907,17 18 08.03,+13 19 06.7,17.9,>,21.3,1,CSS090729:171808+131907,,Simbad,648
17 19 57.9000,+20 02 36.200,,J171957.9+200236,17 19 57.90,+20 02 36.2,18.1,,20.4,1,CSS111022:171958+200236,,Simbad,649
17 20 38.6700,+18 38 02.000,,J172038.7+183802,17 20 38.67,+18 38 02.0,15.0,,19.5,2,CSS090929:172039+183802,II,Simbad,650
17 21 02.4900,+27 33 01.300,,J172102.4+273301,17 21 02.49,+27 33 01.3,16.2,>,21.3,1,SDSS J172102.48+273301.2,,Simbad,651
17 21 48.8600,-05 17 13.300,X,J172148.9-051713,17 21 48.86,-05 17 13.3,14.8,,20.7,1,CSS120611:172149-051713,,Simbad,652
17 24 06.3200,+41 14 10.100,,J172406.3+411410,17 24 06.32,+41 14 10.1,16.4,,18.1,1,V1007 Her,,Simbad,653
17 25 15.5100,+07 32 49.000,,J172515.5+073249,17 25 15.51,+07 32 49.0,14.6,,20.3,1,CSS100706:172516+073249,,Simbad,654
17 27 33.6700,+13 05 12.900,,J172733.7+130513,17 27 33.67,+13 05 12.9,16.9,,18.8,2,CSS090929:172734+130513,II,Simbad,655
17 29 00.9400,+16 01 08.000,,J172900.9+160108,17 29 00.94,+16 01 08.0,17.0,,18.1,1,CSS090922:172901+160108,,Simbad,656
17 29 29.1100,+20 18 08.300,,J172929.1+201808,17 29 29.11,+20 18 08.3,17.5,,21.8,1,CSS081010:172929+201808,,Simbad,657
17 29 51.6000,+22 08 08.100,,J172951.6+220808,17 29 51.60,+22 08 08.1,15.1,,17.8,2,CSS100707:172952+220808,,Simbad,658
17 30 02.9300,+48 21 18.600,,J173002.9+482119,17 30 02.93,+48 21 18.6,16.0,>,20.4,1,CSS090303:173003+482119,,Simbad,659
17 31 50.1300,+15 02 58.100,,J173150.1+150258,17 31 50.13,+15 02 58.1,18.5,>,20.4,1,CSS090929:173150+150258,,Simbad,660
17 32 45.2800,+09 47 46.300,,J173245.3+094746,17 32 45.28,+09 47 46.3,16.7,,,1,CSS120612:173245+094746 II,I,Simbad,661
17 33 07.8900,+30 06 34.500,,J173307.9+300635,17 33 07.89,+30 06 34.5,18.1,,,2,CSS090820:173308+300635,,Simbad,662
17 34 47.0300,+37 14 45.200,,J173447.0+371445,17 34 47.03,+37 14 45.2,16.3,,19.6,1,DDE 25,,Simbad,663
17 35 16.9100,+15 47 08.400,,J173516.9+154708,17 35 16.91,+15 47 08.4,14.2,,17.4,1,CSS110623:173517+154708,III,Simbad,664
17 35 28.2500,+36 31 06.700,,J173528.3+363107,17 35 28.25,+36 31 06.7,17.5,,,1,CSS100413:173528+363107,,Simbad,665
17 38 01.9100,+35 45 49.000,,J173801.9+354549,17 38 01.91,+35 45 49.0,16.1,>,20.0,3,CSS090421:173802+354549,,Simbad,666
17 38 51.0200,+29 23 14.000,,J173851.0+292314,17 38 51.02,+29 23 14.0,17.1,>,20.5,2,CSS090711:173851+292314,,Simbad,667
17 38 59.8100,+34 40 23.100,,J173859.8+344023,17 38 59.81,+34 40 23.1,18.1,,,1,CSS080512:173860+344023,,Simbad,668
17 42 09.1800,+23 48 29.500,,J174209.1+234829,17 42 09.18,+23 48 29.5,14.3,,19.2,3,V660 Her,,Simbad,669
17 43 01.4600,+30 00 52.600,,J174301.5+300053,17 43 01.46,+30 00 52.6,17.0,,,1,CSS090205:174301+300053,,Simbad,670
17 47 14.3400,+15 00 47.700,,J174714.3+150048,17 47 14.34,+15 00 47.7,16.7,,20.1,2,CSS080409:174714+150048,,Simbad,671
17 51 30.1500,+35 21 23.300,,J175130.2+352123,17 51 30.15,+35 21 23.3,14.9,,,1,CSS090303:175130+352123,,Simbad,672
17 52 52.5900,+29 22 18.900,,J175252.6+292219,17 52 52.59,+29 22 18.9,15.2,,18.0,1,NY Her,II,Simbad,673
17 56 33.3100,+57 29 26.900,,J175633.3+572927,17 56 33.31,+57 29 26.9,17.3,,20.2,1,CSS111021:175633+572927,,Simbad,674
17 56 48.7200,+34 43 59.600,,J175648.7+344360,17 56 48.72,+34 43 59.6,17.6,,,2,CSS110610:175649+344360,,Simbad,675
18 05 46.3300,+31 40 17.900,,J180546.3+314017,18 05 46.33,+31 40 17.9,14.1,,18.6,4,V1008 Her,,Simbad,676
18 08 04.4700,+38 46 17.200,,J180804.5+384617,18 08 04.47,+38 46 17.2,14.2,,,1,PR Her,,Simbad,677
18 21 11.9500,+38 47 44.300,,J182111.9+384744,18 21 11.95,+38 47 44.3,14.7,,17.1,3,V391 Lyr,,Simbad,678
18 39 28.8800,-58 16 46.200,,J183928.9-581646,18 39 28.88,-58 16 46.2,15.6,,,1,SSS120329:183929-581646,,Simbad,679
18 48 32.6600,-62 53 21.600,,J184832.7-625322,18 48 32.66,-62 53 21.6,17.0,>,20.6,1,SSS100722:184833-625322,,Simbad,680
18 50 26.7400,-46 42 57.800,,J185026.7-464258,18 50 26.74,-46 42 57.8,16.5,,,1,SSS120517:185027-464258,,Simbad,681
18 57 25.7300,-58 45 57.800,,J185725.7-584558,18 57 25.73,-58 45 57.8,17.4,,,1,SSS120527:185726-584558,,Simbad,682
19 16 15.5400,-39 23 30.400,,J191615.5-392330,19 16 15.54,-39 23 30.4,17.6,,,4,SSS101004:191616-392330,,Simbad,683
19 19 05.4900,-44 56 42.600,,J191905.5-445643,19 19 05.49,-44 56 42.6,16.4,,,1,SSS100901:191905-445643,,Simbad,684
19 19 50.8100,-46 41 32.100,,J191950.8-464132,19 19 50.81,-46 41 32.1,17.0,,,1,SSS120517:191951-464132,,Simbad,685
19 22 01.3900,-48 14 31.800,,J192201.4-481432,19 22 01.39,-48 14 31.8,16.9,,,2,SSS100831:192201-481432,,Simbad,686
19 35 11.4500,-53 17 45.500,,J193511.4-531746,19 35 11.45,-53 17 45.5,16.2,,18.9,1,SSS110624:193511-531746,,Simbad,687
19 37 03.2000,-24 32 53.600,,J193703.2-243254,19 37 03.20,-24 32 53.6,16.3,,,1,SSS110623:193703-243254,,Simbad,688
19 40 21.8900,-44 05 40.900,,J194021.9-440541,19 40 21.89,-44 05 40.9,17.6,>,20.6,2,SSS101004:194022-440541,,Simbad,689
19 44 27.8300,-42 02 08.500,,J194427.8-420209,19 44 27.83,-42 02 08.5,17.1,,20.4,3,SSS100805:194428-420209,,Simbad,690
19 49 28.4800,-35 31 08.600,,J194928.5-353109,19 49 28.48,-35 31 08.6,16.4,,,1,SSS100704:194928-353109,,Simbad,691
19 49 51.3400,-47 14 39.000,,J194951.3-471439,19 49 51.34,-47 14 39.0,17.7,,,1,SSS101103:194951-471439,,Simbad,692
19 50 06.7500,-32 37 08.900,,J195006.7-323709,19 50 06.75,-32 37 08.9,16.6,,,2,SSS100806:195007-323709,,Simbad,693
19 50 55.4400,-18 56 04.800,,J195055.4-185605,19 50 55.44,-18 56 04.8,,,,1,SSS120321:195055-185605,,Simbad,694
19 55 50.8600,-26 02 49.200,,J195550.9-260249,19 55 50.86,-26 02 49.2,18.4,,,1,SSS120715:195551-260249,,Simbad,695
19 55 55.1700,-30 36 00.800,,J195555.2-303601,19 55 55.17,-30 36 00.8,16.6,,,3,SSS100514:195555-303601,,Simbad,696
19 59 08.4200,-53 16 45.000,,J195908.4-531645,19 59 08.42,-53 16 45.0,17.6,,,1,SSS110624:195908-531645,,Simbad,697
20 00 43.5400,-34 36 26.800,,J200043.5-343627,20 00 43.54,-34 36 26.8,16.6,,,3,SSS100720:200044-343627,,Simbad,698
20 03 31.2700,-28 49 41.300,,J200331.3-284941,20 03 31.27,-28 49 41.3,15.4,,18.8,1,SSS100615:200331-284941,,Simbad,699
20 04 45.4300,-32 20 29.400,,J200445.4-322029,20 04 45.43,-32 20 29.4,15.6,,,1,SSS120330:200445-322029,,Simbad,700
20 10 01.3400,-17 25 10.300,,J201001.3-172510,20 10 01.34,-17 25 10.3,18.1,,20.8,1,CSS100911:201001-172510,,Simbad,701
20 10 24.5200,-17 02 30.100,,J201024.5-170230,20 10 24.52,-17 02 30.1,15.8,,20.6,2,SSS110622:201025-170230,,Simbad,702
20 10 45.1900,-47 28 41.200,,J201045.2-472841,20 10 45.19,-47 28 41.2,16.2,>,20.6,1,SSS120519:201045-472841,,Simbad,703
20 13 06.6800,-36 56 19.800,,J201306.7-365620,20 13 06.68,-36 56 19.8,17.6,,,1,SSS120518:201307-365620,,Simbad,704
20 14 03.8100,-54 06 25.000,,J201403.8-540625,20 14 03.81,-54 06 25.0,17.2,,,1,SSS110626:201404-540625,,Simbad,705
20 18 40.4300,-18 47 17.900,,J201840.4-184718,20 18 40.43,-18 47 17.9,15.7,,21.2,1,CSS100522:201840-184718,,Simbad,706
20 19 10.6600,-42 54 25.900,,J201910.7-425426,20 19 10.66,-42 54 25.9,17.8,,20.3,1,SSS111024:201911-425426,,Simbad,707
20 21 21.1300,-20 21 41.500,,J202121.1-202142,20 21 21.13,-20 21 41.5,17.0,,20.9,1,MLS120530:202121-202142,,Simbad,708
20 22 37.6100,-19 05 33.900,,J202237.6-190534,20 22 37.61,-19 05 33.9,17.7,,20.5,3,CSS100522:202238-190534,,Simbad,709
20 25 37.7100,-35 26 29.100,,J202537.7-352629,20 25 37.71,-35 26 29.1,17.9,,,1,SSS110503:202538-352629,,Simbad,710
20 26 02.9900,-32 08 15.200,,J202603.0-320815,20 26 02.99,-32 08 15.2,15.5,>,20.8,2,SSS100813:202603-320815,,Simbad,711
20 27 31.1600,-22 40 01.700,,J202731.2-224002,20 27 31.16,-22 40 01.7,13.1,,18.3,1,SSS110515:202731-224002,,Simbad,712
20 28 38.5400,-52 18 45.100,,J202838.5-521845,20 28 38.54,-52 18 45.1,14.1,,,1,KK Tel,,Simbad,713
20 28 57.1400,-06 18 02.800,,J202857.1-061803,20 28 57.14,-06 18 02.8,15.7,>,20.8,2,CSS110621:202857-061803,,Simbad,714
20 29 15.7800,-50 58 46.500,,J202915.8-505847,20 29 15.78,-50 58 46.5,14.0,,19.1,1,SSS120725:202916-505847,,Simbad,715
20 29 47.5400,-15 54 37.100,,J202947.5-155437,20 29 47.54,-15 54 37.1,13.0,,17.9,4,SY Cap,II,Simbad,716
20 32 14.0100,-11 26 00.800,X,J203214.0-112601,20 32 14.01,-11 26 00.8,16.2,,,1,CSS100613:203214-112601,,Simbad,717
20 39 37.6800,-04 29 07.800,,J203937.7-042908,20 39 37.68,-04 29 07.8,14.9,,17.9,1,CSS120813:203938-042908,,Simbad,718
20 40 01.4000,-14 49 08.500,,J204001.4-144908,20 40 01.40,-14 49 08.5,17.7,,20.9,2,CSS101116:204001-144908,,Simbad,719
20 41 10.1200,-04 38 02.600,,J204110.1-043803,20 41 10.12,-04 38 02.6,17.5,,,2,CSS080921:204110-043803,,Simbad,720
20 42 58.8000,-00 33 53.400,,J204258.8-003353,20 42 58.80,-00 33 53.4,16.3,,,1,CSS110919:204259-003353,,Simbad,721
20 43 58.3900,-19 42 57.500,,J204358.4-194257,20 43 58.39,-19 42 57.5,14.6,,19.3,1,MLS100706:204358-194257,,Simbad,722
20 44 55.0600,-16 22 30.300,,J204455.1-162230,20 44 55.06,-16 22 30.3,14.3,,15.4,1,Loneos-RR 62,,Simbad,723
20 45 22.7900,-01 10 04.500,,J204522.8-011004,20 45 22.79,-01 10 04.5,16.5,,,1,CSS110930:204523-011004,,Simbad,724
20 45 22.8300,-45 31 39.400,,J204522.8-453139,20 45 22.83,-45 31 39.4,15.8,,20.7,2,SSS100906:204523-453139,,Simbad,725
20 46 17.9500,-31 21 28.300,,J204618.0-312128,20 46 17.95,-31 21 28.3,14.5,,19.3,2,SSS110413:204618-312128,,Simbad,726
20 49 16.4400,-03 17 33.400,,J204916.4-031733,20 49 16.44,-03 17 33.4,17.3,,,2,CSS081030:204916-031733,,Simbad,727
20 51 45.4600,+07 53 04.900,,J205145.5+075305,20 51 45.46,+07 53 04.9,17.5,,,1,CSS111022:205145+075305,III,Simbad,728
20 52 52.2600,-06 14 40.900,,J205252.3-061441,20 52 52.26,-06 14 40.9,17.6,>,19.2,1,CSS110703:205252-061441,,Simbad,729
20 53 03.0300,-39 57 49.300,,J205303.0-395749,20 53 03.03,-39 57 49.3,17.0,,,1,SSS110919:205303-395749,,Simbad,730
20 54 08.1600,-19 40 26.500,,J205408.2-194027,20 54 08.16,-19 40 26.5,16.4,,19.5,4,CSS090829:205408-194027,,Simbad,731
20 54 36.5500,-54 18 10.200,,J205436.5-541810,20 54 36.55,-54 18 10.2,14.8,,,1,SSS100831:205437-541810,,Simbad,732
20 57 37.5700,-14 28 06.600,,J205737.6-142807,20 57 37.57,-14 28 06.6,16.4,,20.4,1,CSS080607:205738-142807,,Simbad,733
20 59 32.9300,-09 16 16.100,,J205932.9-091616,20 59 32.93,-09 16 16.1,15.1,,17.7,7,CSS090528:205933-091616,II,Simbad,734
21 00 34.3500,+05 54 36.100,,J210034.4+055436,21 00 34.35,+05 54 36.1,16.3,,,2,CSS101009:210034+055436,,Simbad,735
21 00 43.9400,-00 52 11.700,,J210043.9-005212,21 00 43.94,-00 52 11.7,17.9,,,1,CSS090615:210044-005212,,Simbad,736
21 02 05.6900,+02 58 34.400,,J210205.7+025834,21 02 05.69,+02 58 34.4,16.0,,,6,CSS091017:210206+025834,,Simbad,737
21 03 56.6700,-21 47 27.000,,J210356.7-214727,21 03 56.67,-21 47 27.0,16.0,,,1,SSS110515:210357-214727,,Simbad,738
21 06 50.5600,+11 02 50.000,,J210650.6+110250,21 06 50.56,+11 02 50.0,16.1,>,19.9,1,CSS090924:210651+110250,,Simbad,739
21 07 04.5300,+01 44 15.900,,J210704.5+014416,21 07 04.53,+01 44 15.9,18.1,,,1,CSS090428:210705+014416,,Simbad,740
21 07 58.1300,-05 17 40.900,,J210758.1-051741,21 07 58.13,-05 17 40.9,14.9,,16.7,11,HU Aqr,,Simbad,741
21 08 20.6300,-13 49 09.100,,J210820.6-134909,21 08 20.63,-13 49 09.1,16.3,,19.7,2,MLS110701:210821-134909,,Simbad,742
21 08 37.6100,-10 51 48.100,,J210837.6-105148,21 08 37.61,-10 51 48.1,16.2,,,1,CSS090528:210838-105148,,Simbad,743
21 08 46.4400,-03 50 31.200,,J210846.4-035031,21 08 46.44,-03 50 31.2,15.0,,17.8,1,CSS110513:210846-035031,,Simbad,744
21 09 29.1500,-20 43 51.700,,J210929.1-204352,21 09 29.15,-20 43 51.7,16.0,,19.3,4,SEKBO 126041.3419,,Simbad,745
21 09 50.4800,+13 48 38.600,,J210950.5+134839,21 09 50.48,+13 48 38.6,17.9,,,2,PNV J21095047+1348396,,Simbad,746
21 09 54.1300,+16 30 52.000,,J210954.1+163052,21 09 54.13,+16 30 52.0,16.3,,18.9,3,CSS100404:210954+163052,II,Simbad,747
21 10 58.0100,-12 54 40.200,,J211058.0-125440,21 10 58.01,-12 54 40.2,17.3,,20.9,4,CSS090528:211058-125440,,Simbad,748
21 12 12.9700,-66 38 04.200,,J211213.0-663804,21 12 12.97,-66 38 04.2,14.0,,,1,SSS110528:211213-663804,,Simbad,749
21 12 29.5500,+12 32 04.600,,J211229.5+123205,21 12 29.55,+12 32 04.6,15.7,,,1,V0364 Peg,,Simbad,750
21 15 03.7100,-18 34 05.000,,J211503.7-183405,21 15 03.71,-18 34 05.0,17.8,,,1,MLS100623:211504-183405,,Simbad,751
21 15 50.8700,-00 07 15.800,,J211550.9-000716,21 15 50.87,-00 07 15.8,17.9,,,1,CSS090828:211551-000716,,Simbad,752
21 18 45.9900,+12 05 48.300,,J211846.0+120548,21 18 45.99,+12 05 48.3,16.9,,18.7,2,CSS091111:211846+120548,,Simbad,753
21 20 25.1200,+19 41 56.700,,J212025.1+194157,21 20 25.12,+19 41 56.7,16.3,,,1,CSS090817:212025+194157,,Simbad,754
21 20 39.6700,-16 47 52.000,,J212039.7-164752,21 20 39.67,-16 47 52.0,17.0,,21.4,2,CSS120718:212040-164752,,Simbad,755
21 25 21.7500,-10 26 27.400,,J212521.8-102627,21 25 21.75,-10 26 27.4,15.4,,20.4,2,CSS080927:212522-102627,,Simbad,756
21 25 55.0700,-03 24 05.900,,J212555.1-032406,21 25 55.07,-03 24 05.9,17.6,,,1,CSS080511:212555-032406,,Simbad,757
21 26 16.4300,+12 04 04.100,,J212616.4+120404,21 26 16.43,+12 04 04.1,,,,1,CSS080628:212616+120404,,Simbad,758
21 26 33.3400,+08 54 59.100,,J212633.3+085459,21 26 33.34,+08 54 59.1,17.0,,19.9,2,CSS100509:212633+085459,,Simbad,759
21 26 54.5500,-01 20 54.000,,J212654.5-012054,21 26 54.55,-01 20 54.0,18.1,,19.2,2,CSS120613:212655-012054,III,Simbad,760
21 30 24.6300,-02 59 17.700,,J213024.6-025918,21 30 24.63,-02 59 17.7,12.8,,16.8,2,VZ Aqr,,Simbad,761
21 33 09.4300,+15 50 04.300,,J213309.4+155004,21 33 09.43,+15 50 04.3,15.7,,,2,CSS080404:213309+155004,,Simbad,762
21 34 24.0100,-07 59 10.600,,J213424.0-075911,21 34 24.01,-07 59 10.6,16.9,,,1,CSS120529:213424-075911,,Simbad,763
21 34 32.3000,-01 20 40.100,,J213432.3-012040,21 34 32.30,-01 20 40.1,17.9,>,20.3,5,CSS081120:213432-012040,,Simbad,764
21 39 37.5800,-02 39 12.700,,J213937.6-023913,21 39 37.58,-02 39 12.7,14.3,,19.5,3,CSS091119:213938-023913,,Simbad,765
21 39 47.1100,+17 06 58.100,,J213947.1+170658,21 39 47.11,+17 06 58.1,17.4,>,20.3,2,CSS081201:213947+170658,,Simbad,766
21 41 13.1100,-03 30 47.000,,J214113.1-033047,21 41 13.11,-03 30 47.0,18.3,,,1,CSS110527:214113-033047,,Simbad,767
21 42 17.3700,-67 48 01.100,,J214217.4-674801,21 42 17.37,-67 48 01.1,14.1,,,1,SSS120731:214217-674801,,Simbad,768
21 44 26.4300,+22 20 24.400,,J214426.4+222024,21 44 26.43,+22 20 24.4,14.7,,17.1,1,CSS100520:214426+222024,II,Simbad,769
21 46 39.9400,+09 21 19.300,,J214639.9+092119,21 46 39.94,+09 21 19.3,18.6,,,1,CSS110613:214640+092119,,Simbad,770
21 47 38.4100,+24 45 53.900,,J214738.4+244554,21 47 38.41,+24 45 53.9,13.1,,17.5,1,CSS111004:214738+244554,,Simbad,771
21 48 04.4000,+08 09 50.500,,J214804.4+080951,21 48 04.40,+08 09 50.5,17.3,>,20.6,1,CSS080505:214804+080951,,Simbad,772
21 48 13.7000,-12 18 38.800,,J214813.7-121839,21 48 13.70,-12 18 38.8,17.4,>,21.4,1,CSS100606:214814-121839,,Simbad,773
21 48 42.5300,-00 07 23.500,,J214842.5-000723,21 48 42.53,-00 07 23.5,15.8,,,1,CSS071116:214843-000723,,Simbad,774
21 49 59.9400,+12 45 28.500,,J214959.9+124529,21 49 59.94,+12 45 28.5,,,,3,CSS090722:215000+124529,,Simbad,775
21 50 33.4400,+05 55 34.800,,J215033.4+055535,21 50 33.44,+05 55 34.8,17.3,,,1,CSS111024:215033+055535,,Simbad,776
21 50 37.7600,-21 57 18.800,,J215037.8-215719,21 50 37.76,-21 57 18.8,16.6,,,1,SSS110702:215038-215719,,Simbad,777
21 52 25.6800,-01 28 50.200,,J215225.7-012850,21 52 25.68,-01 28 50.2,16.8,,,2,CSS100916:215226-012850,III,Simbad,778
21 56 30.4600,-03 19 56.500,,J215630.5-031956,21 56 30.46,-03 19 56.5,17.2,,19.4,2,CSS090728:215630-031956,,Simbad,779
21 56 36.3200,+19 32 41.900,,J215636.3+193242,21 56 36.32,+19 32 41.9,17.0,,18.7,1,CSS090622:215636+193242,II,Simbad,780
21 58 15.2900,+09 47 09.200,,J215815.3+094709,21 58 15.29,+09 47 09.2,13.3,,17.4,2,CSS100615:215815+094709,II,Simbad,781
21 58 44.2500,-26 34 21.100,,J215844.2-263421,21 58 44.25,-26 34 21.1,16.0,,,1,SSS110920:215844-263421,,Simbad,782
22 00 18.5300,+25 45 50.800,,J220018.5+254551,22 00 18.53,+25 45 50.8,18.6,,,1,CSS111004:220019+254551,,Simbad,783
22 00 31.2300,+03 34 30.500,,J220031.2+033430,22 00 31.23,+03 34 30.5,16.2,,18.5,2,CSS100624:220031+033431,,Simbad,784
22 03 27.8800,+14 10 58.600,,J220327.9+141059,22 03 27.88,+14 10 58.6,17.1,,,1,CSS111021:220328+141059,,Simbad,785
22 04 49.7500,+05 48 52.300,,J220449.8+054852,22 04 49.75,+05 48 52.3,15.0,,18.8,4,CSS091019:220450+054852,,Simbad,786
22 05 53.9800,+11 55 53.800,,J220554.0+115554,22 05 53.98,+11 55 53.8,14.4,>,20.2,2,SDSS J220553.98+115553.7,I,Simbad,787
22 06 41.0600,+30 14 35.800,,J220641.1+301436,22 06 41.06,+30 14 35.8,17.0,,,1,CSS110921:220641+301436,,Simbad,788
22 08 57.4800,+20 04 39.700,,J220857.5+200440,22 08 57.48,+20 04 39.7,19.1,,,1,CSS110628:220857+200440,III,Simbad,789
22 10 09.9300,+18 54 18.200,,J221009.9+185418,22 10 09.93,+18 54 18.2,15.1,,18.9,1,CSS111227:221010+185418,,Simbad,790
22 11 28.7200,-03 05 15.800,,J221128.7-030516,22 11 28.72,-03 05 15.8,15.7,,19.4,1,CSS100519:221129-030516,,Simbad,791
22 12 31.9900,+16 01 40.300,,J221232.0+160140,22 12 31.99,+16 01 40.3,14.0,,18.9,3,CSS090911:221232+160140,,Simbad,792
22 13 44.0300,+17 32 51.900,X,J221344.0+173252,22 13 44.03,+17 32 51.9,16.0,,19.1,1,CSS090917:221344+173252,III,Simbad,793
22 15 19.7800,-00 32 56.700,,J221519.8-003257,22 15 19.78,-00 32 56.7,16.8,,,3,ROTSE3 J221519.8-003257.2,,Simbad,794
22 20 02.2700,+11 38 25.400,,J222002.3+113825,22 20 02.27,+11 38 25.4,17.7,,,1,CSS081230:222002+113825,,Simbad,795
22 24 16.2500,-29 24 21.700,,J222416.3-292422,22 24 16.25,-29 24 21.7,15.9,,19.5,1,2QZ J222416.2-292421,XI,Simbad,796
22 25 48.0600,+25 25 11.300,,J222548.1+252511,22 25 48.06,+25 25 11.3,16.4,,19.5,3,CSS091027:222548+252511,,Simbad,797
22 27 24.4900,+28 44 03.800,,J222724.5+284404,22 27 24.49,+28 44 03.8,14.5,,17.9,1,CSS090531:222724+284404,II,Simbad,798
22 28 24.1100,+13 49 44.100,,J222824.1+134944,22 28 24.11,+13 49 44.1,15.2,>,20.6,1,CSS100615:222824+134944,,Simbad,799
22 28 53.7200,+29 51 14.500,,J222853.7+295114,22 28 53.72,+29 51 14.5,16.0,,,2,CSS091110:222854+295114,,Simbad,800
22 30 02.9700,-14 58 34.700,,J223003.0-145835,22 30 02.97,-14 58 34.7,14.4,,,1,CSS090727:223003-145835,,Simbad,801
22 30 18.7800,+29 28 48.700,,J223018.8+292849,22 30 18.78,+29 28 48.7,17.2,,,1,CSS101010:223019+292849,,Simbad,802
22 30 58.3300,+21 01 47.000,,J223058.3+210147,22 30 58.33,+21 01 47.0,16.7,,,1,CSS080501:223058+210147,,Simbad,803
22 31 35.9900,+18 07 46.700,,J223136.0+180747,22 31 35.99,+18 07 46.7,18.2,>,20.2,1,CSS090911:223136+180747,,Simbad,804
22 32 14.1600,-16 11 37.600,,J223214.2-161138,22 32 14.16,-16 11 37.6,17.7,>,20.2,1,CSS111128:223214-161138,,Simbad,805
22 32 33.6600,+18 50 36.100,,J223233.7+185036,22 32 33.66,+18 50 36.1,16.5,,18.9,2,CSS100520:223234+185036,II,Simbad,806
22 32 35.4400,+30 41 05.000,,J223235.4+304105,22 32 35.44,+30 41 05.0,17.4,,,1,CSS081107:223235+304105,,Simbad,807
22 33 25.5800,+04 39 15.100,,J223325.6+043915,22 33 25.58,+04 39 15.1,16.5,,,1,CSS110918:223326+043915,,Simbad,808
22 34 18.4800,-03 55 30.100,,J223418.5-035530,22 34 18.48,-03 55 30.1,15.3,,20.3,6,CSS090910:223418-035530,III,Simbad,809
22 36 06.2800,+05 05 16.600,,J223606.3+050517,22 36 06.28,+05 05 16.6,17.6,,,1,CSS080611:223606+050517,,Simbad,810
22 39 09.7900,+25 03 31.000,,J223909.8+250331,22 39 09.79,+25 03 31.0,17.2,,19.2,1,CSS100521:223910+250331,,Simbad,811
22 39 58.2400,+23 18 37.300,,J223958.2+231837,22 39 58.24,+23 18 37.3,18.2,,,2,CSS090826:223958+231837,III,Simbad,812
22 39 58.3100,+34 23 05.100,,J223958.3+342305,22 39 58.31,+34 23 05.1,19.0,,,1,SDSS J223958.38+342305.7,,Simbad,813
22 41 59.8900,-66 25 12.100,,J224159.9-662512,22 41 59.89,-66 25 12.1,15.2,,18.6,1,SSS110720:224200-662512,,Simbad,814
22 42 53.4200,+17 25 38.200,,J224253.4+172538,22 42 53.42,+17 25 38.2,16.8,,19.7,7,CSS090622:224253+172538,,Simbad,815
22 43 48.4700,+08 09 27.100,,J224348.5+080927,22 43 48.47,+08 09 27.1,13.3,,,3,USNO-B1.0 0981-0723427,,Simbad,816
22 45 05.3700,+01 15 47.400,,J224505.4+011547,22 45 05.37,+01 15 47.4,16.8,,,4,CSS100624:224505+011547,,Simbad,817
22 47 36.4000,+25 04 36.300,,J224736.4+250436,22 47 36.40,+25 04 36.3,15.4,,,2,CSS120616:224736+250436,,Simbad,818
22 47 39.6900,-36 22 53.700,,J224739.7-362254,22 47 39.69,-36 22 53.7,11.0,,19.2,2,SSS120724:224740-362254,,Simbad,819
22 47 53.9100,+23 55 21.500,,J224753.9+235522,22 47 53.91,+23 55 21.5,15.4,>,20.1,1,CSS100521:224754+235522,,Simbad,820
22 48 14.4700,+33 12 24.300,,J224814.5+331224,22 48 14.47,+33 12 24.3,18.1,>,20.6,4,CSS091110:224814+331224,,Simbad,821
22 48 23.6600,-09 20 58.600,,J224823.7-092059,22 48 23.66,-09 20 58.6,16.0,,21.0,2,CSS081029:224824-092059,,Simbad,822
22 49 39.9400,-27 06 53.100,,J224939.9-270653,22 49 39.94,-27 06 53.1,12.0,,15.7,1,TY PsA,XII,Simbad,823
22 58 43.4800,+11 09 11.700,,J225843.5+110912,22 58 43.48,+11 09 11.7,12.9,,18.7,2,V0368 Peg,,Simbad,824
23 01 15.4000,+22 41 11.300,,J230115.4+224111,23 01 15.40,+22 41 11.3,16.8,,,1,CSS080923:230115+224111,,Simbad,825
23 03 41.7700,+17 17 55.000,,J230341.8+171755,23 03 41.77,+17 17 55.0,16.1,,,7,V0369 Peg,,Simbad,826
23 03 51.6400,+01 06 51.300,,J230351.6+010651,23 03 51.64,+01 06 51.3,14.2,,17.9,2,SDSS J230351.64+010651.0,I,Simbad,827
23 04 25.9000,+06 25 46.000,,J230425.9+062546,23 04 25.90,+06 25 46.0,13.8,>,20.9,1,Var Psc_2010,,Simbad,828
23 07 11.3500,+29 40 10.400,,J230711.3+294010,23 07 11.35,+29 40 10.4,17.4,>,20.7,1,CSS090926:230711+294010,,Simbad,829
23 08 53.7000,-29 43 59.800,,J230853.7-294360,23 08 53.70,-29 43 59.8,17.1,>,20.9,1,SSS110626:230854-294360,,Simbad,830
23 09 38.0400,+37 07 14.900,,J230938.0+370715,23 09 38.04,+37 07 14.9,17.5,,,1,CSS090819:230938+370715,,Simbad,831
23 11 42.7700,+20 40 36.000,,J231142.8+204036,23 11 42.77,+20 40 36.0,15.4,,18.2,5,CSS091108:231143+204036,,Simbad,832
23 15 31.8200,-30 48 48.400,,J231531.8-304848,23 15 31.82,-30 48 48.4,13.3,,16.8,1,CC Scl,XII,Simbad,833
23 15 52.3200,+27 10 36.800,,J231552.3+271037,23 15 52.32,+27 10 36.8,15.2,,19.5,4,CSS100610:231552+271037,,Simbad,834
23 19 09.1800,+33 15 39.800,X,J231909.2+331540,23 19 09.18,+33 15 39.8,16.4,,17.9,1,CSS111021:231909+331540,,Simbad,835
23 25 19.2000,-08 18 18.800,,J232519.2-081819,23 25 19.20,-08 18 18.8,12.9,,18.7,2,EG Aqr,,Simbad,836
23 25 51.4600,-01 40 23.800,,J232551.5-014024,23 25 51.46,-01 40 23.8,15.3,,18.2,3,CSS091116:232551-014024,,Simbad,837
23 26 19.4200,+28 26 49.900,,J232619.4+282650,23 26 19.42,+28 26 49.9,16.6,,19.1,7,CSS080930:232619+282650,,Simbad,838
23 27 16.2500,+41 31 49.100,,J232716.3+413149,23 27 16.25,+41 31 49.1,15.6,,18.4,1,CSS090929:232716+413149,II,Simbad,839
23 28 21.7700,+36 31 55.600,,J232821.8+363156,23 28 21.77,+36 31 55.6,17.7,,,1,CSS100505:232822+363156,,Simbad,840
23 29 00.4500,-29 46 46.000,,J232900.5-294646,23 29 00.45,-29 46 46.0,12.5,,18.1,1,VY Scl,,Simbad,841
23 30 03.0300,+30 33 00.500,X,J233003.0+303300,23 30 03.03,+30 33 00.5,16.6,,18.3,1,CSS111101:233003+303301,,Simbad,842
23 30 31.8500,+40 36 06.300,,J233031.8+403606,23 30 31.85,+40 36 06.3,17.8,>,19.6,1,CSS090915:233032+403606,,Simbad,843
23 32 32.5400,+39 13 15.200,,J233232.5+391315,23 32 32.54,+39 13 15.2,18.4,,,1,CSS081206:233233+391315,,Simbad,844
23 33 13.0000,-15 57 44.300,,J233313.0-155744,23 33 13.00,-15 57 44.3,17.2,,19.9,2,CSS111019:233313-155744,,Simbad,845
23 33 40.0400,-35 39 55.100,,J233340.0-353955,23 33 40.04,-35 39 55.1,19.0,,,1,SSS111019:233340-353955,,Simbad,846
23 34 23.2000,+39 14 22.800,,J233423.2+391423,23 34 23.20,+39 14 22.8,17.5,,,10,CSS080924:233423+391423,IV,Simbad,847
23 35 12.1400,-03 35 52.100,,J233512.1-033552,23 35 12.14,-03 35 52.1,19.7,,,1,MLS100917:233512-033552,,Simbad,848
23 38 48.6700,+28 19 55.000,,J233848.7+281955,23 38 48.67,+28 19 55.0,15.0,,17.9,1,NSV 14652,,Simbad,849
23 41 15.6000,-39 08 46.500,,J234115.6-390847,23 41 15.60,-39 08 46.5,16.3,,,2,SSS100716:234116-390847,,Simbad,850
23 42 42.3400,+34 13 30.800,,J234242.3+341331,23 42 42.34,+34 13 30.8,16.7,,,1,CSS111101:234242+341331,,Simbad,851
23 43 24.8500,+42 08 41.500,,J234324.9+420841,23 43 24.85,+42 08 41.5,15.6,,18.0,1,NSV 14681,,Simbad,852
23 44 40.5300,-00 12 05.800,,J234440.5-001206,23 44 40.53,-00 12 05.8,14.3,,20.1,2,MLS100904:234441-001206,,Simbad,853
23 48 14.7200,+18 12 19.600,,J234814.7+181220,23 48 14.72,+18 12 19.6,18.1,>,20.9,2,CSS110115:234815+181220,,Simbad,854
23 51 38.1300,-08 35 02.900,,J235138.1-083503,23 51 38.13,-08 35 02.9,17.0,,,1,SSS120518:235138-083503,,Simbad,855
